Synonym;Expression_Glu;Expression_Cit;Expression_Fer;Expression_Ser
PP_0001;263;150;255.6666667;203
PP_0002;238.6666667;175.6666667;183;120
PP_0003;242.6666667;181;297.3333333;229
PP_0004;175.6666667;115.3333333;114.3333333;64.66666667
PP_0005;33.66666667;71;35.66666667;48
PP_0006;429;177.6666667;250.6666667;97
PP_0007;565.6666667;258.3333333;337;131.6666667
PP_0008;1098.333333;558.6666667;675;496.6666667
PP_0009;6075;1399;6999.333333;2362
PP_0010;363;307.3333333;275.6666667;178.3333333
PP_0011;311;262;229.3333333;141.3333333
PP_0012;225.6666667;169;171;98
PP_0013;263;204.6666667;132;54.33333333
PP_0014;9;5.333333333;5.333333333;6.333333333
PP_0015;17;19.33333333;16.66666667;14.33333333
PP_0016;28.66666667;26;27;34
PP_0017;290.6666667;289.6666667;1108.333333;459.3333333
PP_0018;391;358.6666667;247.6666667;207.3333333
PP_0019;598.3333333;567.3333333;601;581
PP_0020;321;279;271.6666667;305.3333333
PP_0021;77.66666667;57.33333333;56.66666667;36
PP_0022;14;15;17;16
PP_0023;32239;71492.66667;62519;39364.33333
PP_0024;3;2.333333333;3.666666667;2.666666667
PP_0025;0;0;0;0
PP_0026;41;105.3333333;90;135.6666667
PP_0027;35.66666667;45.66666667;46.66666667;55
PP_0028;21.33333333;16.33333333;27;11
PP_0029;79.66666667;163;151.3333333;261.6666667
PP_0030;66.66666667;101;115.3333333;121.3333333
PP_0031;3.333333333;7.666666667;10.33333333;11.66666667
PP_0032;42.33333333;93.33333333;145.6666667;101.6666667
PP_0033;5.333333333;5.333333333;7;7
PP_0034;4.666666667;5.666666667;2.666666667;3
PP_0035;2;0.333333333;3.666666667;0
PP_0036;6.333333333;4.333333333;4.666666667;2.666666667
PP_0037;1.333333333;3.666666667;6.333333333;4
PP_0038;2.333333333;4.333333333;6;3.333333333
PP_0039;39.66666667;37.66666667;25.66666667;46
PP_0040;724.6666667;797.6666667;928.3333333;617
PP_0041;9.666666667;11.66666667;13.66666667;12
PP_0042;23;26;19.33333333;19.33333333
PP_0043;8;7.333333333;6;5.666666667
PP_0044;1;3.333333333;5.333333333;2.333333333
PP_0045;1;2;0.666666667;1
PP_0046;9.666666667;26.33333333;8.666666667;6.666666667
PP_0047;6.666666667;5;5.666666667;8.333333333
PP_0048;5.666666667;6;12.33333333;7.333333333
PP_0049;44;73.33333333;42;56
PP_0050;70.33333333;65.66666667;160.3333333;84.66666667
PP_0051;36.66666667;26.33333333;33;24
PP_0052;11;49.66666667;31.33333333;57
PP_0053;11.33333333;21;14;16.33333333
PP_0054;5.333333333;11;10.66666667;9.666666667
PP_0055;55.33333333;40.66666667;62.66666667;39.66666667
PP_0056;6;7;9.333333333;29
PP_0057;19.33333333;11.66666667;28.33333333;52.66666667
PP_0058;291;129.6666667;326.3333333;165.3333333
PP_0059;227.6666667;106.6666667;183.6666667;69.66666667
PP_0060;174.6666667;99;96.33333333;47
PP_0061;202.6666667;120;117;96
PP_0062;129;113;112.3333333;114
PP_0063;116.6666667;79;123.6666667;73.33333333
PP_0064;132.3333333;106.6666667;124.6666667;192.6666667
PP_0065;81.33333333;52.33333333;64;37
PP_0066;45.33333333;14.33333333;29.33333333;12.66666667
PP_0067;44;14.66666667;27.66666667;13.66666667
PP_0068;155.3333333;116;83.33333333;41
PP_0069;5.333333333;10.66666667;6;5.666666667
PP_0070;215;187.6666667;241.6666667;151.3333333
PP_0071;168.3333333;150;154.3333333;123
PP_0072;127;174.6666667;108.6666667;139
PP_0073;86.66666667;66.33333333;48.66666667;60
PP_0074;71;62;67.66666667;62
PP_0075;11;13;14;16.66666667
PP_0076;91;157;127.6666667;165
PP_0077;18;16.33333333;14.66666667;14.33333333
PP_0078;7;7.333333333;6.333333333;9.666666667
PP_0079;18.33333333;15.33333333;20.33333333;13.33333333
PP_0080;19.33333333;16.66666667;14.66666667;8.333333333
PP_0081;36.66666667;42;36;67
PP_0082;357.3333333;37;122.6666667;25.33333333
PP_0083;521.3333333;42.66666667;96;19.33333333
PP_0084;13.33333333;13.33333333;14;6.666666667
PP_0085;30.33333333;41;79.33333333;45
PP_0086;873.3333333;3175.333333;2286.666667;2680
PP_0087;925.3333333;1212;1843.333333;1319
PP_0088;81.33333333;42;70.33333333;35
PP_0089;11.33333333;15.33333333;22.33333333;15
PP_0090;236.6666667;421;421.6666667;402.3333333
PP_0091;73.33333333;111;92.66666667;204.3333333
PP_0092;21.33333333;94.66666667;26.66666667;31
PP_0093;26.33333333;25.66666667;28.66666667;24.66666667
PP_0094;45.33333333;23.33333333;32.33333333;37.33333333
PP_0095;119.3333333;97;103;99.33333333
PP_0096;140;131;120.3333333;106.3333333
PP_0097;385;358.3333333;380;286.3333333
PP_0098;77;46;46;31
PP_0099;19;15.33333333;16.33333333;10.66666667
PP_0100;406.6666667;561.3333333;224;140.3333333
PP_0101;4.333333333;4.666666667;4.666666667;2.666666667
PP_0102;13.66666667;5.333333333;6.666666667;7.666666667
PP_0103;32;127.6666667;45;357
PP_0104;8;54.66666667;23.33333333;247.6666667
PP_0105;6.333333333;44.66666667;22.33333333;266.3333333
PP_0106;6.333333333;42;22.33333333;237.3333333
PP_0107;9;37.33333333;21;305.3333333
PP_0108;7.333333333;25.33333333;13.66666667;158.6666667
PP_0109;4.666666667;14;7.666666667;95.33333333
PP_0110;42.33333333;39;86;222.6666667
PP_0111;146.3333333;150.6666667;175;474.6666667
PP_0112;347;304.3333333;313;346.3333333
PP_0113;136.3333333;97;99.33333333;73.33333333
PP_0114;161.6666667;95.33333333;132.3333333;78
PP_0115;7.333333333;8.666666667;13;15
PP_0116;132.3333333;119;183;141
PP_0117;34.66666667;22.66666667;31;19.33333333
PP_0118;55.33333333;34.33333333;70.66666667;38.33333333
PP_0119;34.33333333;27;26;19.33333333
PP_0120;63.66666667;64.66666667;74.66666667;59.66666667
PP_0121;187;114.6666667;165.6666667;117
PP_0122;426.6666667;510;413.3333333;534
PP_0123;66.33333333;51.66666667;50.66666667;48.33333333
PP_0124;63.33333333;67;70.66666667;106
PP_0125;155.3333333;255;209.3333333;255.3333333
PP_0126;277.3333333;666.6666667;456.3333333;754.6666667
PP_0127;295;252.6666667;279;181.6666667
PP_0128;85.33333333;75.66666667;79.66666667;73.66666667
PP_0129;112;76;94;92.33333333
PP_0130;47.66666667;38.66666667;43.33333333;50.66666667
PP_0131;24.33333333;32.33333333;34;34.66666667
PP_0132;36.33333333;36;56.33333333;39.66666667
PP_0133;69.33333333;68.33333333;80;69
PP_0134;7.333333333;9.666666667;8.666666667;8
PP_0135;28;73;116.6666667;84
PP_0136;49.33333333;166.6666667;134.3333333;86
PP_0137;48.66666667;28.33333333;49.33333333;30
PP_0138;61.33333333;54.66666667;68.33333333;62.33333333
PP_0139;51;32;30.33333333;41.66666667
PP_0140;45.66666667;42.66666667;35.66666667;43.66666667
PP_0141;86.66666667;64;66.66666667;95.66666667
PP_0142;41.33333333;39.66666667;41;42.66666667
PP_0143;43.66666667;25.66666667;37.66666667;29.33333333
PP_0144;35.33333333;37;59;40.66666667
PP_0145;23;28;24.66666667;32
PP_0146;192.3333333;516.6666667;201;121
PP_0147;16;560.3333333;17.66666667;11.33333333
PP_0148;81.33333333;98;122.6666667;183.3333333
PP_0149;34.33333333;11.33333333;29;5.666666667
PP_0150;224.3333333;82.33333333;239;54.66666667
PP_0151;199.6666667;73.33333333;106;45.66666667
PP_0152;493.6666667;569.6666667;712.3333333;1322.333333
PP_0153;214;1460.333333;316.3333333;111
PP_0154;17.66666667;28;18;7
PP_0155;85.66666667;71;123.6666667;59.33333333
PP_0157;17;29;27;29.66666667
PP_0158;17;36.33333333;21;37.66666667
PP_0159;26.66666667;45.33333333;38.66666667;87.66666667
PP_16SA;659636.3333;494878.3333;652771.6667;461467.3333
PP_23SA;562831;540520.3333;514871.6667;342071
PP_5SA;474443.6667;391548;478843;243567.6667
PP_16SB;659902;495443;652934;461513.3333
PP_23SB;551073;529878.6667;506904.6667;336141.3333
PP_r01;472617;393036;479138;244143
PP_5SB;121786.3333;75428;123014;41308
PP_0160;16;20.66666667;21;20.66666667
PP_0161;4.666666667;4.666666667;4.333333333;3.333333333
PP_0162;3;4.333333333;3.333333333;0.666666667
PP_0163;29.33333333;32;32;42.66666667
PP_0164;108;83.33333333;104.6666667;125
PP_0165;46;49.33333333;52.33333333;48
PP_0166;223.3333333;203;280;302
PP_0167;99.66666667;79;108.3333333;118.6666667
PP_0168;415.6666667;356.6666667;330.3333333;335
PP_0169;12;35;10.33333333;15.66666667
PP_0170;3.666666667;5.333333333;5.666666667;3
PP_0171;6.666666667;3.333333333;5.333333333;4.333333333
PP_0172;12;11;14.66666667;11
PP_0173;129.6666667;162;145.6666667;94
PP_0174;48;36.66666667;48.66666667;50.66666667
PP_0175;16;11.66666667;180;13.66666667
PP_0176;8;6;87;4
PP_0177;1.666666667;5;63.33333333;3.666666667
PP_0178;5.333333333;6.666666667;81.33333333;3.333333333
PP_0179;13;8.333333333;90.33333333;6.666666667
PP_0180;12.33333333;5.666666667;28.33333333;7.666666667
PP_0181;1570.333333;5128.666667;3631.333333;7737.333333
PP_0182;231.6666667;186;162.6666667;199
PP_0183;58.33333333;69;48.33333333;41.33333333
PP_0184;264.3333333;177;168.3333333;112
PP_0185;89.33333333;235;167.6666667;496
PP_0186;103;89.66666667;101;116.3333333
PP_0187;75;65.33333333;71.33333333;57.33333333
PP_0188;122.3333333;135;117.6666667;147
PP_0189;123.6666667;127;168.3333333;156.3333333
PP_0190;18.33333333;22;16.33333333;20.66666667
PP_0191;620.6666667;1107;762;1949
PP_0192;89.66666667;110.3333333;95.66666667;87.33333333
PP_0193;25;53.33333333;34.33333333;55.66666667
PP_0194;299.6666667;787.3333333;346.6666667;633.3333333
PP_0195;20.66666667;14.66666667;16.66666667;23.66666667
PP_0196;126;79.33333333;90;79.66666667
PP_0197;82.33333333;59.33333333;76.33333333;44
PP_0198;93.66666667;98;105.6666667;138.6666667
PP_0199;16;14.33333333;21.66666667;31.66666667
PP_0200;4.666666667;9.333333333;7.666666667;10
PP_0201;57;178.6666667;113;286
PP_0202;52;165;112;316.6666667
PP_0203;43.33333333;139.6666667;62.33333333;61
PP_t01;385;157.3333333;635;61.66666667
PP_0204;3.666666667;13.33333333;7;8.666666667
PP_0205;14.33333333;14;16.33333333;10
PP_0206;0.666666667;2.666666667;2.333333333;4
PP_0207;0.666666667;4;2;5
PP_0208;2;1.333333333;1.333333333;1.666666667
PP_0209;1;2;2.333333333;2.666666667
PP_0210;1.333333333;0.666666667;1.666666667;0.666666667
PP_0211;7.333333333;5.666666667;4;2.666666667
PP_0213;135;257;104.6666667;79.66666667
PP_0214;105.3333333;150;95.33333333;69.33333333
PP_0215;49;71.33333333;54.66666667;93.66666667
PP_0216;17;30.66666667;31.33333333;11.66666667
PP_0217;66;50.66666667;55.66666667;32.66666667
PP_0218;48.33333333;29.33333333;47.33333333;41
PP_0219;8;5;7.666666667;5.666666667
PP_0220;3.666666667;2.333333333;3.333333333;2
PP_0221;0;3;3.333333333;1.333333333
PP_0222;0.666666667;0.333333333;0.666666667;0.666666667
PP_0223;1;1.333333333;0.333333333;0.666666667
PP_0224;2.666666667;22;3;2
PP_0225;106;79;117.3333333;68.33333333
PP_0226;79.33333333;91.33333333;72.33333333;49.33333333
PP_0227;261.3333333;414;323;272
PP_0228;69.33333333;60.33333333;74.66666667;55
PP_0229;33.33333333;19;34.33333333;23.66666667
PP_0230;4.333333333;5;6;5
PP_0231;2.333333333;1.333333333;4.666666667;3
PP_0232;2.666666667;3.666666667;0.666666667;1
PP_0233;16.33333333;33;12.33333333;4.666666667
PP_0234;311.3333333;181;138.6666667;42.33333333
PP_0235;79.33333333;357;141;223.6666667
PP_0236;26.33333333;294.6666667;20.66666667;13
PP_0237;4;35;6;7.333333333
PP_0238;3.333333333;12;5.666666667;5.333333333
PP_0239;4.333333333;10.33333333;12;3
PP_0240;8.333333333;9;19.66666667;15.33333333
PP_0241;70.66666667;53;73.33333333;35.66666667
PP_0242;131.6666667;58;116.6666667;56.33333333
PP_0243;173.3333333;84;107.6666667;68.33333333
PP_0244;227.3333333;91.33333333;214;35.33333333
PP_0245;79.66666667;39.66666667;45;19
PP_0246;129;198.3333333;124.6666667;111
PP_0247;90.66666667;120.3333333;91.33333333;68
PP_0248;57;81;75.66666667;60.66666667
PP_0249;50.33333333;50;54;36
PP_0250;130.6666667;137;160.6666667;176.6666667
PP_0251;140;69;89;60.33333333
PP_0252;259.6666667;204.3333333;209.6666667;235
PP_0254;46;48.33333333;56;64.33333333
PP_0255;119;261;87;75.33333333
PP_0256;45.33333333;37;129.3333333;31
PP_0257;6;15;110.3333333;19.66666667
PP_0258;257.3333333;2730;1019.666667;4885.333333
PP_0259;23.66666667;22.33333333;12.66666667;11
PP_0260;150;105.3333333;142;149.6666667
PP_0261;70.66666667;56.66666667;66;57.66666667
PP_0262;56.66666667;53.66666667;41;44.66666667
PP_0263;29;26.66666667;23.33333333;26.66666667
PP_0264;23.66666667;18;23.66666667;20.33333333
PP_0265;103;196.6666667;176.6666667;328
PP_0266;47.66666667;71;118.3333333;51.33333333
PP_0267;3.333333333;5;5;4
PP_0268;653;401;333;156.6666667
PP_0269;2.333333333;1.333333333;3;1.666666667
PP_0270;5.333333333;3.666666667;4.333333333;1.666666667
PP_0271;6;6;7.666666667;3.333333333
PP_0272;0.666666667;0.666666667;2.333333333;1
PP_0273;1;9.333333333;8.666666667;10.33333333
PP_0274;105.3333333;104.6666667;126;125.3333333
PP_0275;32.33333333;29;34;23
PP_0276;202.6666667;119.3333333;147;182
PP_t02;1719.666667;1198;4268;175.6666667
PP_0277;76.66666667;10.33333333;35.66666667;13.66666667
PP_0278;39.33333333;30.33333333;53.66666667;82
PP_0279;9.333333333;6;7;3.666666667
PP_0280;172;60;150.3333333;73.33333333
PP_0281;32.66666667;15.33333333;37;24.33333333
PP_0282;428.3333333;566.3333333;524.6666667;420.6666667
PP_0283;190;117.3333333;179;193
PP_0284;19.66666667;16;37;62.66666667
PP_t03;5396.666667;3219.333333;4101;765
PP_0285;550.6666667;263.6666667;507.6666667;374.6666667
PP_0286;84;58;62;46.33333333
PP_0287;84.66666667;84;64.66666667;52
PP_0288;25.33333333;21;55.33333333;13.33333333
PP_0289;380;254.3333333;292;220.3333333
PP_0290;239.3333333;137.6666667;190.6666667;122.6666667
PP_0291;183.3333333;87.33333333;117.6666667;84.33333333
PP_0292;174;86.33333333;107;73.66666667
PP_0293;143.3333333;69;117;53.33333333
PP_0294;19;44.33333333;45.33333333;68.66666667
PP_0295;13.33333333;26.66666667;19;37.33333333
PP_0296;31.66666667;115.3333333;79.33333333;138.3333333
PP_0297;2.666666667;3;3;2.666666667
PP_0298;55.66666667;65.33333333;53.33333333;213.6666667
PP_0299;96.33333333;89.66666667;146.3333333;190.6666667
PP_0300;14;13.66666667;18.66666667;17.66666667
PP_0301;7.666666667;8.666666667;7.666666667;15.33333333
PP_0302;12.33333333;10;16;12
PP_0303;1;0.666666667;0.666666667;2.666666667
PP_0304;2.666666667;3.333333333;3.666666667;15.33333333
PP_0305;16.66666667;28.66666667;23;42.66666667
PP_0306;35;21.33333333;25;14.33333333
PP_0307;99;51;102.6666667;70.66666667
PP_0308;10.33333333;10.33333333;14.66666667;28.66666667
PP_0309;4.333333333;4.666666667;7.666666667;11
PP_0310;8;5.666666667;10;12.33333333
PP_0311;4;3;3.333333333;5
PP_0312;3.333333333;1.666666667;5;2.666666667
PP_0313;1.666666667;2.666666667;3.333333333;3.666666667
PP_0314;29;28;30.66666667;50.66666667
PP_0315;9.333333333;9;14.33333333;14.66666667
PP_0316;16.66666667;26.66666667;32;47.66666667
PP_0317;15;8.333333333;18.33333333;16.66666667
PP_0318;1383.333333;327;745.6666667;141
PP_0319;747.6666667;166;448;90
PP_0320;3.333333333;4;6.666666667;5.333333333
PP_0321;109.3333333;59.66666667;63.66666667;85.33333333
PP_0322;14.33333333;17.66666667;15;14.66666667
PP_0323;11.66666667;9.666666667;8;8.666666667
PP_0324;14.66666667;10;8;9
PP_0325;12.33333333;16;15;17
PP_0326;30;36;71.33333333;50
PP_0327;24;39;29;34.66666667
PP_0328;14;22.66666667;24;37.66666667
PP_0329;26;26.66666667;35.66666667;27.66666667
PP_0330;30.33333333;37.66666667;40.66666667;35
PP_0331;15.33333333;12.33333333;15.33333333;17
PP_0332;35.33333333;32.33333333;33.33333333;29.66666667
PP_0333;25;57;35;25.33333333
PP_0334;55.33333333;73.66666667;57.66666667;76
PP_0335;64;69.33333333;55.33333333;35.66666667
PP_0336;123.6666667;103;69;54
PP_0337;93.66666667;63.33333333;86;86.66666667
PP_0338;529;527.6666667;77.66666667;122
PP_0339;884;1241;99.33333333;269.6666667
PP_0340;90.33333333;78;101.6666667;76.33333333
PP_0341;84.66666667;57;70.33333333;81
PP_0342;83.33333333;55.33333333;67;71.33333333
PP_0343;72.66666667;53.33333333;71.33333333;57.66666667
PP_0344;63.33333333;31.66666667;36.66666667;39.66666667
PP_0345;116;80.33333333;95.66666667;108
PP_0346;103.3333333;72.66666667;82;91.66666667
PP_0347;62.66666667;41;52.66666667;36.33333333
PP_0348;6.333333333;4.666666667;6;5.666666667
PP_0349;1.333333333;3.666666667;3;5
PP_0350;1.666666667;1.333333333;1.333333333;2
PP_0351;7.666666667;2.666666667;5;4.333333333
PP_0352;9;11.33333333;9;5.666666667
PP_0353;8;17.33333333;6.666666667;4.666666667
PP_0354;6.666666667;24.33333333;8;2.666666667
PP_0355;23.33333333;90;23;61
PP_0356;94.33333333;82.33333333;151.3333333;37.33333333
PP_0357;19;112;49;212.6666667
PP_0358;36.66666667;40.33333333;53;14.33333333
PP_0359;16.33333333;12.66666667;8;7.666666667
PP_0360;21.66666667;14;18.66666667;16
PP_0361;14.66666667;18.33333333;16.66666667;18
PP_0362;521;775;227;298
PP_0363;182.3333333;178.6666667;74;94.66666667
PP_0364;181.6666667;221;108.6666667;186
PP_0365;175.6666667;206.6666667;100.6666667;175.6666667
PP_0366;167.6666667;247.6666667;139.3333333;250.3333333
PP_0367;882.6666667;1225.333333;1136.333333;2445
PP_0368;139.3333333;233.3333333;129.6666667;94.33333333
PP_0369;25.33333333;29.33333333;21.33333333;48.66666667
PP_0370;33.66666667;51.33333333;29;53.33333333
PP_0371;21.33333333;12.66666667;25;16
PP_0372;4.666666667;5.666666667;8;4
PP_0373;723.6666667;1287.333333;984;849.6666667
PP_0374;1;1.666666667;7;5.666666667
PP_0375;26.33333333;20.66666667;51.66666667;26.33333333
PP_0376;43.66666667;32;68.33333333;27.33333333
PP_0377;68;58.66666667;90.66666667;60
PP_0378;61.66666667;35;155;29.33333333
PP_0379;51.33333333;27;179.6666667;21.33333333
PP_0380;2109.666667;858.3333333;1146.666667;277
PP_0381;16.33333333;38.33333333;31.33333333;24.33333333
PP_0382;49;69.66666667;68;76
PP_0383;15.66666667;31.33333333;28;29.33333333
PP_0384;86.33333333;55;96.33333333;63
PP_0385;34.66666667;40.66666667;44.66666667;64.66666667
PP_t04;254;437.3333333;534.6666667;171.3333333
PP_0386;21.66666667;65.33333333;52.66666667;107
PP_0387;1044.666667;697.6666667;865.3333333;457
PP_0388;111.3333333;86.33333333;98;145.3333333
PP_0389;10407.66667;4411.333333;10019.33333;5342
PP_0390;146.3333333;65;109.6666667;59.66666667
PP_0391;54.66666667;43.66666667;64;56.33333333
PP_0392;115.3333333;78;93.33333333;100.3333333
PP_0393;85.66666667;59.33333333;83.66666667;61.33333333
PP_0394;29.33333333;36.33333333;35.33333333;46
PP_0395;62.66666667;276.3333333;131.3333333;343
PP_0396;65.66666667;331.3333333;142.3333333;339.6666667
PP_0397;109.3333333;819.3333333;255.6666667;556
PP_0398;116.3333333;144.6666667;101.3333333;214
PP_0399;133.3333333;92;80.33333333;66
PP_0400;146.3333333;92;88.33333333;82.33333333
PP_0401;145.6666667;59.33333333;91.66666667;71.33333333
PP_0402;252.6666667;107;199.6666667;120
PP_0403;421.6666667;238.6666667;306.6666667;230.6666667
PP_0405;88.66666667;87;95;78.33333333
PP_0406;54.66666667;84.33333333;74.33333333;119
PP_0407;65.66666667;52.66666667;67.66666667;64.33333333
PP_0408;93.66666667;71.33333333;98;111.6666667
PP_0409;46;54;55.66666667;80.33333333
PP_0410;83.66666667;98;85;96
PP_0411;29.33333333;39;38.66666667;50.33333333
PP_0412;50;116;80.33333333;163.6666667
PP_0413;10.33333333;15.33333333;17;15
PP_0414;77.66666667;134.3333333;151.3333333;151
PP_0415;124.6666667;103;73.33333333;86
PP_0416;88.33333333;66;77;81.33333333
PP_0417;251.3333333;162.3333333;187.3333333;190
PP_0418;26.33333333;27.66666667;31;43
PP_0419;599.3333333;271.3333333;440.3333333;385
PP_0420;167.3333333;102;119;77
PP_0421;96;73.33333333;61.33333333;35.33333333
PP_0422;113.6666667;70.66666667;60;26.66666667
PP_0423;47;35.66666667;26.66666667;32.33333333
PP_0424;59.33333333;41.33333333;47.33333333;58.33333333
PP_0425;128.6666667;114.3333333;83;103.3333333
PP_0426;70;75.66666667;65;60.33333333
PP_0427;144.6666667;133.3333333;109.6666667;133.6666667
PP_0428;774.3333333;700.3333333;544.6666667;1186
PP_0429;87.33333333;37.66666667;54.66666667;31.66666667
PP_0430;33.33333333;45;35.66666667;37.66666667
PP_0431;55;74.33333333;69.66666667;63
PP_0432;160.3333333;176.6666667;123.3333333;109
PP_0433;523;661;685.6666667;1319
PP_0434;69;57.66666667;74;124.6666667
PP_0435;187.3333333;158;183;213
PP_0436;255;135.6666667;178.3333333;111.6666667
PP_16SC;658973.3333;494158.3333;652410.6667;461344.3333
PP_23SC;598127.6667;578345;550799;368707.3333
PP_5SC;475217;392455.3333;477257.6667;244279
PP_0437;58.66666667;52.66666667;63;51.66666667
PP_0438;72.66666667;63;82.66666667;75.33333333
PP_0439;36.33333333;35.33333333;41;44.66666667
PP_t05;12760.33333;10612.66667;4850.666667;2436
PP_t06;3667.666667;3068.666667;1285.333333;412
PP_t07;7675.666667;3603.333333;4345.333333;943
PP_0440;2185.666667;1878.333333;1632;662.6666667
PP_t08;8644;6461;8714;5758.333333
PP_0441;4462.666667;2749.333333;3873.333333;2083.333333
PP_0442;2359;1502.666667;1613.666667;861
PP_0443;4012;1504.333333;2177;1083.333333
PP_0444;2246.666667;1210.666667;1065.666667;449.6666667
PP_0445;4913.333333;1977.333333;3270;1370
PP_0446;6796.333333;3375.333333;6571;3411.666667
PP_0447;670.6666667;520;380.3333333;207.6666667
PP_0448;763.3333333;549.3333333;517.3333333;240.3333333
PP_0449;3579.666667;2596;2158.333333;1827.333333
PP_0450;2544.666667;1555.666667;1088;888.6666667
PP_0451;2552.666667;1712.333333;937.6666667;514.3333333
PP_0452;4272;2657.666667;2236.333333;1032.333333
PP_0453;9693.666667;5912.333333;6488.666667;4538
PP_0454;2569.333333;1900;1195.333333;717.3333333
PP_0455;2799;1700.333333;923.6666667;450.6666667
PP_0456;3117;2646;1373.333333;875
PP_0457;2294.666667;1389.333333;773;476.3333333
PP_0458;7709.666667;4423.666667;4427.333333;2946.333333
PP_0459;3545.666667;2580;1331.666667;1030
PP_0460;3479;2779.666667;1349.666667;1130
PP_0461;3167.333333;1737;1412.333333;1222
PP_0462;3448;1871;1387.666667;929.3333333
PP_0463;3569.333333;1892.666667;1361.333333;628.6666667
PP_0464;2690;1877.666667;1112;722.3333333
PP_0465;2523;2398.333333;1082.666667;849.3333333
PP_0466;4301.333333;2707.666667;2072;1314.333333
PP_0467;3174.333333;1264;1990;783
PP_0468;3226.666667;1780.333333;1992.333333;1049
PP_0469;3408.333333;2344.666667;1814.666667;863
PP_0470;2598.666667;1400;985.6666667;402.6666667
PP_0471;2215;1359.333333;1039;465
PP_0472;4875.666667;2819.666667;3093.333333;1258.333333
PP_0473;3411.333333;1639.666667;1859.333333;663
PP_0474;3993.666667;2298;2959.333333;1437.666667
PP_0475;4960.333333;3591;3182;1650
PP_0476;3745.333333;2181.333333;2021;1878.333333
PP_0477;3986.333333;2376.666667;1752;996.6666667
PP_0478;2372.666667;1365.666667;962.3333333;648.3333333
PP_0479;2247.666667;1492.333333;1053.666667;506.3333333
PP_0480;2655.666667;1476.666667;1926.333333;1303
PP_0481;13.33333333;17;10.66666667;10
PP_0482;1370.333333;1554.333333;1925.666667;2000.333333
PP_0483;59;50.66666667;42.66666667;23.33333333
PP_0484;261.6666667;225.6666667;202;269
PP_0485;527.3333333;480.6666667;426.3333333;588.3333333
PP_0486;26.66666667;22.66666667;28.33333333;23.33333333
PP_0487;15;14.33333333;20;13.33333333
PP_0488;18.66666667;24;20.33333333;14
PP_0490;11;30.66666667;16.66666667;56.66666667
PP_0491;22.66666667;36.33333333;31.66666667;52
PP_0492;27;43;29.33333333;48
PP_0493;17.33333333;37.66666667;20.66666667;36
PP_0494;147.6666667;159.6666667;273.6666667;216
PP_0495;42;30.33333333;78.33333333;29.66666667
PP_0496;36.66666667;15.33333333;31.66666667;34.33333333
PP_0497;28.33333333;24;21;18.33333333
PP_0498;62.33333333;53.33333333;59;53
PP_0500;222;156.3333333;185.6666667;140
PP_0501;62.66666667;52;72.66666667;78
PP_0502;7.333333333;12;11;18
PP_0503;4;4;3.666666667;4
PP_0504;25;14.33333333;51;20.66666667
PP_0505;18.66666667;16.33333333;21;24.66666667
PP_0506;21;17.33333333;27.33333333;20.66666667
PP_0507;9;7.666666667;9;5.333333333
PP_0508;31;21;25.66666667;12.66666667
PP_0509;21.66666667;27;39.66666667;40
PP_0510;170;165;155;109.6666667
PP_0512;29;37.66666667;28.66666667;29.33333333
PP_0513;241.3333333;141.6666667;219;206.3333333
PP_0514;151.3333333;90.66666667;111.3333333;88.66666667
PP_0515;190;142.3333333;141;157.3333333
PP_0516;281.3333333;180.6666667;176.3333333;153.3333333
PP_0517;391.6666667;412;335;334.6666667
PP_0518;287.3333333;175.3333333;206.6666667;128
PP_0519;178;86.33333333;98.66666667;53.66666667
PP_0520;121.3333333;94;102;107
PP_0521;290.6666667;185.3333333;207.3333333;184.3333333
PP_0522;156.3333333;108;152.3333333;130.6666667
PP_0523;49.66666667;26;33.33333333;27
PP_0524;42;16.66666667;38.66666667;10.66666667
PP_0525;23.33333333;33;24.66666667;61.33333333
PP_0526;18.66666667;18.66666667;16.33333333;25
PP_0527;163.6666667;90.66666667;125;84
PP_0528;218.3333333;140.3333333;194;113.3333333
PP_0529;93.66666667;49;78.33333333;65.33333333
PP_0530;10.66666667;17.33333333;21.66666667;25.66666667
PP_0531;10;13;11.66666667;13
PP_0532;11.33333333;13.66666667;10.66666667;10.66666667
PP_0533;18;17;17.66666667;18.66666667
PP_0534;8;1;6;3.333333333
PP_0535;10.33333333;9.666666667;10;10.33333333
PP_0536;33.33333333;93;51;530.3333333
PP_0537;6.333333333;4.666666667;6;5
PP_0538;1036.666667;758.6666667;868.6666667;761
PP_0539;60;53.66666667;59;50
PP_0540;82.33333333;85;74.66666667;74.66666667
PP_0541;98.66666667;325;152.3333333;446.3333333
PP_0542;26.66666667;69.33333333;47;68.33333333
PP_0543;56.33333333;105.3333333;63.66666667;98
PP_0544;7;7.666666667;11.33333333;16.33333333
PP_0545;56;228.6666667;107.3333333;165.3333333
PP_0546;41.33333333;37;46.33333333;74.66666667
PP_0547;100;114;91.33333333;112.3333333
PP_0548;50.66666667;58.33333333;41.33333333;66.66666667
PP_0549;32.33333333;27;27.33333333;41.33333333
PP_0550;42.33333333;111;97.66666667;238.6666667
PP_0551;46.66666667;42;44.33333333;44.66666667
PP_0552;15.33333333;11.66666667;12.66666667;16.33333333
PP_0553;3.666666667;3;3.666666667;3.666666667
PP_0554;0.333333333;0.333333333;0.333333333;0.666666667
PP_0555;1;0.333333333;1.333333333;0.666666667
PP_0556;0.333333333;0;0.333333333;0
PP_0557;5.666666667;5.666666667;13.33333333;42.33333333
PP_0558;772;725.6666667;575;256.6666667
PP_0559;447;637.6666667;251.3333333;157.3333333
PP_0560;1501;954.3333333;1627.333333;1299.333333
PP_0561;64.33333333;34;44.33333333;20.33333333
PP_0562;49;65.66666667;65;70
PP_0563;40.66666667;63.66666667;35;130
PP_0564;106.6666667;109;88;68.66666667
PP_0565;94;100.6666667;107.3333333;91.33333333
PP_0566;213.6666667;72;179.3333333;124.6666667
PP_0567;132;86.33333333;113;65
PP_0568;10.33333333;17.33333333;17.33333333;26.33333333
PP_0569;10;7;11.66666667;10
PP_0570;51;80.33333333;69.33333333;77.66666667
PP_0571;66.33333333;78.66666667;92.33333333;79.33333333
PP_0572;22;15;24;14
PP_0573;13.66666667;29.33333333;27;58
PP_0574;209.6666667;687;400.6666667;536.6666667
PP_0575;33;93;97;112.3333333
PP_0576;70.66666667;184.6666667;146.6666667;225
PP_0577;19.66666667;24.66666667;24.66666667;15.33333333
PP_0578;18.33333333;19.66666667;14;16
PP_0579;28.33333333;42;35;51
PP_0580;2.666666667;17;5.666666667;12.66666667
PP_0581;12.66666667;45.66666667;13.33333333;24.33333333
PP_0582;10.66666667;28.66666667;18.33333333;30
PP_0583;29.66666667;26.33333333;40.33333333;73.66666667
PP_0584;92.33333333;68.33333333;160.3333333;290.3333333
PP_0585;20;40.33333333;23.66666667;58
PP_0586;30;45.33333333;37.66666667;36.33333333
PP_0587;77.33333333;109.3333333;68.33333333;81
PP_0588;30.66666667;37.66666667;55.66666667;58.33333333
PP_0589;22;17.33333333;50.66666667;12
PP_0590;24.66666667;41.66666667;33.66666667;48.66666667
PP_0591;68.66666667;87.33333333;60.33333333;65
PP_0592;36;101.6666667;42;84.33333333
PP_0593;20.33333333;16;20;22.66666667
PP_0594;117;106.3333333;127.3333333;151
PP_0595;21.33333333;24.66666667;21.33333333;27.66666667
PP_0596;39.66666667;38.33333333;47.33333333;22
PP_0597;32;33;37.33333333;22.66666667
PP_16SD;689636.3333;514062.6667;675841.6667;476154.3333
PP_t09;21885.66667;11560.33333;11179;3443
PP_t10;12055;4736.666667;6373;1554.666667
PP_23SD;556945.6667;538189;510369.3333;340043
PP_5SD;473565;392813.6667;479178.6667;244264
PP_0599;66.66666667;71.66666667;69.66666667;67.33333333
PP_0600;65147;17564;38921.33333;8597.333333
PP_0601;114.3333333;79.66666667;113.3333333;66.66666667
PP_0602;523.3333333;295.6666667;470.3333333;292.6666667
PP_0603;195.6666667;140.3333333;104.6666667;69
PP_0604;249.6666667;167.6666667;163.3333333;119.6666667
PP_0605;232.3333333;199.6666667;193;173.6666667
PP_0606;228.3333333;130.3333333;166.6666667;115
PP_0607;7.333333333;10.66666667;14;14
PP_0608;3;18;25.33333333;47
PP_0609;1;4.666666667;3.333333333;6.666666667
PP_0610;4.333333333;13.33333333;6.333333333;5
PP_0611;38;37.66666667;40.33333333;40
PP_0612;61.33333333;62;74.33333333;61.66666667
PP_0613;18;19;24.33333333;14
PP_0614;9.333333333;8;8;5.666666667
PP_0615;5.666666667;4;2.666666667;4.333333333
PP_0616;9.666666667;4.333333333;11.66666667;7.666666667
PP_0617;2;1;3.666666667;1.333333333
PP_0618;1;1.666666667;4.666666667;3.666666667
PP_0619;14.66666667;5.666666667;15;20.66666667
PP_0620;33;15.66666667;30.66666667;24
PP_0621;668;373.6666667;489;201.3333333
PP_0622;343;215.3333333;332.6666667;212.6666667
PP_0624;149.3333333;65.33333333;111.3333333;69.66666667
PP_0625;199.6666667;192.3333333;164.3333333;186.6666667
PP_t11;16669.33333;21113;15368.66667;4406
PP_t12;9973.666667;7827;7097.666667;2045.666667
PP_t13;13879.33333;5961;32473.33333;3757
PP_t14;318;115.6666667;427.6666667;54.66666667
PP_t15;2079.666667;732;3603.666667;442.6666667
PP_0626;245;210.6666667;230.6666667;182.3333333
PP_0627;91;116.6666667;122;113.6666667
PP_0628;30.33333333;59.33333333;56.33333333;99.66666667
PP_0629;10;17.33333333;22.33333333;42
PP_0630;92;106.6666667;119;198
PP_0631;80.33333333;60.33333333;71;57.66666667
PP_0632;25.33333333;31.33333333;26.33333333;43.33333333
PP_0633;7.333333333;20.66666667;14;20.33333333
PP_0634;58.66666667;63.33333333;76;53.66666667
PP_t16;915.6666667;1038.333333;994.6666667;538.3333333
PP_0635;26.66666667;25.33333333;29;23.33333333
PP_0636;96.66666667;51.33333333;108;77
PP_0637;153.6666667;98.33333333;140;98.66666667
PP_0638;7.333333333;10.33333333;11.66666667;13.33333333
PP_0639;682.3333333;326;480.6666667;434
PP_0640;1322;1093;1527.333333;1704
PP_0641;2495;2279.666667;4582.333333;2644.333333
PP_0642;4;12.66666667;4.666666667;3.666666667
PP_0643;8;8.666666667;7.666666667;9
PP_0644;35.66666667;50.33333333;43.66666667;88.66666667
PP_0645;144;161.3333333;156.6666667;315.3333333
PP_0646;7.666666667;15;10.33333333;18.66666667
PP_0647;19;17.33333333;17.33333333;25
PP_0648;45.66666667;55.66666667;78;133
PP_0649;95.66666667;104;122.3333333;248.3333333
PP_0650;33;46;60.66666667;87
PP_0651;19;36.33333333;33.33333333;67
PP_0652;3.333333333;3;3;2.333333333
PP_0653;2;1.666666667;2.666666667;0.333333333
PP_0654;12;44;29;88.66666667
PP_0655;39.33333333;70.66666667;69.66666667;61
PP_0656;26.33333333;8.333333333;19;15
PP_0657;73.33333333;26.33333333;50.66666667;37.33333333
PP_0658;121.6666667;44;76.66666667;34.66666667
PP_0659;11;4.666666667;9.333333333;9.666666667
PP_0660;3.333333333;3;3.666666667;3
PP_0661;6.333333333;7.333333333;5;7.666666667
PP_0662;5.333333333;6.333333333;6.333333333;4
PP_0663;12;9.666666667;23.33333333;7.666666667
PP_0664;2.333333333;7.333333333;5;4
PP_0665;3.333333333;6;3.333333333;5.333333333
PP_0666;3.666666667;1.666666667;1;4
PP_0667;5;21.33333333;9.666666667;11.33333333
PP_0668;4.666666667;10;7.666666667;6
PP_0669;5.333333333;5;5;5.333333333
PP_0670;12;2.666666667;13;3.333333333
PP_0671;640.6666667;518;359;263.6666667
PP_0672;65.33333333;42.66666667;56;56.66666667
PP_0673;517;101.6666667;260.3333333;89.33333333
PP_0674;216.3333333;184.3333333;156.6666667;110.3333333
PP_0675;210.6666667;132.3333333;88;106.6666667
PP_0676;12.66666667;21.66666667;33.66666667;44.66666667
PP_0677;38;52.66666667;51;78.33333333
PP_0678;25;27.33333333;36.33333333;34
PP_0679;3722;13651.33333;12110;34456
PP_0680;116.6666667;123.6666667;86.33333333;87.33333333
PP_0681;79;120;136.6666667;209.6666667
PP_0682;179.3333333;151.6666667;241;171
PP_0683;44.33333333;96;43.33333333;519
PP_0684;263;91.66666667;143.3333333;66
PP_0685;60;24.33333333;88.66666667;55.66666667
PP_0686;67.33333333;26.33333333;80;32.33333333
PP_0687;389.6666667;228.3333333;288.6666667;183.3333333
PP_0688;3522.666667;1708.333333;2208.333333;1280.333333
PP_0689;12274.33333;7044.333333;8298;3341
PP_0690;238.3333333;139.3333333;219.3333333;111
PP_0691;64;55.66666667;37.33333333;38.33333333
PP_0692;165.3333333;150;197;186.3333333
PP_0693;76.33333333;29;49;23.33333333
PP_0694;60.33333333;23.66666667;27.33333333;9.666666667
PP_0695;108;35.33333333;76;34.66666667
PP_0696;137;62.33333333;97;29
PP_0697;460.6666667;255;371.3333333;229.6666667
PP_0698;7;7.333333333;4.333333333;5.333333333
PP_0699;12.33333333;18.66666667;17.66666667;36
PP_t17;1609.666667;1552;3009.333333;604
PP_0700;20.33333333;30.66666667;30.66666667;20.66666667
PP_0701;36.33333333;39.66666667;56.66666667;30.33333333
PP_0702;7.333333333;2;12.66666667;1.333333333
PP_0703;5.333333333;5.666666667;3;4.333333333
PP_0704;20;22.66666667;18;16
PP_0705;28.33333333;56.66666667;27;49
PP_0706;8.333333333;17.33333333;13.33333333;31.33333333
PP_0707;40.33333333;31.33333333;38.66666667;45
PP_0708;3.666666667;3;4.666666667;3.333333333
PP_0709;1.666666667;2.333333333;3;3.333333333
PP_0710;2;2;1.333333333;6.666666667
PP_0711;33;407.3333333;82.66666667;1370.666667
PP_0712;39.66666667;182.6666667;100;368.3333333
PP_0713;10;33.66666667;18.33333333;73.66666667
PP_0714;5.333333333;26;8.666666667;44.33333333
PP_0715;4;15.33333333;11;27.66666667
PP_0716;7.666666667;16;17;34
PP_0717;12.33333333;13;14.66666667;21
PP_0718;10;22;16;35
PP_0719;414.3333333;228.3333333;337;154.6666667
PP_0720;345;124;170.3333333;83.66666667
PP_0721;2105;730.3333333;1264.333333;488.6666667
PP_0722;1127.666667;406;537;163.3333333
PP_t18;8466.666667;6008.666667;6154;2250
PP_0723;8575.333333;6720;5536.333333;2525.666667
PP_0724;60;53;52.66666667;37.33333333
PP_0725;89.66666667;75;86.66666667;66.66666667
PP_0726;50.33333333;50.66666667;62.66666667;77.66666667
PP_0727;37;30;25.66666667;39.33333333
PP_0728;13.66666667;9.666666667;10.33333333;14
PP_0729;14;11.33333333;11.66666667;12
PP_0730;11.33333333;12;8.666666667;9.666666667
PP_0731;2.666666667;4.333333333;3.666666667;4.666666667
PP_0732;109.6666667;60;89.66666667;39.33333333
PP_0733;131.3333333;112.6666667;114;103.3333333
PP_0734;76.66666667;44;57.66666667;61.33333333
PP_0735;77.66666667;45.33333333;59.66666667;41
PP_0736;69.66666667;35.33333333;39.33333333;36.66666667
PP_0737;132;357.3333333;170.3333333;302.3333333
PP_0738;166.3333333;193.6666667;190;224.6666667
PP_0739;47;73.33333333;71.33333333;77
PP_0740;19.66666667;31.33333333;21;23.66666667
PP_0741;29.66666667;51.33333333;33.33333333;42.66666667
PP_0742;107;195.6666667;85.66666667;124.3333333
PP_0743;122.3333333;167;116.3333333;191.3333333
PP_0744;48.66666667;62;59;50
PP_0745;74;51.33333333;60.33333333;42
PP_0746;135.3333333;104.6666667;87.66666667;84
PP_0747;148.6666667;135.6666667;133.3333333;126.6666667
PP_0748;61.33333333;64;59.33333333;59.33333333
PP_0749;60;108.3333333;62.66666667;55.33333333
PP_0750;3389;1018.666667;2168.333333;596
PP_0751;408.3333333;379;353.3333333;290.3333333
PP_0752;16;27.66666667;17.66666667;32.66666667
PP_0753;385.6666667;488.6666667;411.3333333;198
PP_0754;7.333333333;9;13.33333333;12.66666667
PP_0755;102.6666667;126.3333333;95.33333333;149
PP_0756;116;76.33333333;97;110
PP_0757;41;89.33333333;66.66666667;128.3333333
PP_0758;31;34.33333333;30.33333333;42.66666667
PP_0759;213;216.3333333;232.6666667;260.3333333
PP_0760;41.66666667;61;77.66666667;68
PP_0761;46.66666667;21.66666667;36.66666667;17.66666667
PP_0762;15.66666667;14.66666667;8.666666667;5.666666667
PP_0763;33.66666667;451.3333333;43.33333333;63.66666667
PP_0764;159.6666667;962.3333333;427;917
PP_0765;106.3333333;618.6666667;154.3333333;377.3333333
PP_0766;120.6666667;543;243.6666667;437.3333333
PP_0767;17.66666667;43;17;32.66666667
PP_0768;229.3333333;262.6666667;371;512
PP_0769;113.6666667;136.3333333;130;354.6666667
PP_0770;69.33333333;80.33333333;63;122.6666667
PP_0771;117.3333333;114.6666667;111.6666667;150
PP_0772;79.66666667;54;83;126.6666667
PP_0773;112;157.3333333;104.6666667;50
PP_0774;48;49.33333333;47.66666667;45.66666667
PP_0775;118;104.3333333;97;88.33333333
PP_0776;2907.666667;2354.666667;2112;1814.333333
PP_0777;38.66666667;72.66666667;67.66666667;98
PP_0778;18;18.33333333;17.66666667;34.33333333
PP_0779;79;79.66666667;152.3333333;152.6666667
PP_0780;25.33333333;13;22.33333333;30
PP_0781;4.333333333;3.333333333;8.333333333;8
PP_0782;11;18.66666667;25.33333333;19.33333333
PP_0783;0;0.666666667;0;0
PP_0784;25;33;31;19.33333333
PP_0785;63;73;74;64.33333333
PP_0786;215.3333333;145;153.6666667;75.66666667
PP_0787;127;107;122;125.3333333
PP_0788;8.666666667;19.33333333;6.666666667;15.33333333
PP_0789;114.6666667;166.6666667;134.6666667;94
PP_0790;88.33333333;107.3333333;73.66666667;55
PP_0791;58.33333333;41.66666667;55;58.33333333
PP_0792;41.66666667;40.33333333;26.33333333;36.66666667
PP_0793;9.333333333;14.33333333;10.66666667;13.33333333
PP_0794;11;11.33333333;5.666666667;7.666666667
PP_0795;25.66666667;24;23.66666667;25
PP_0796;191.3333333;92.33333333;187.6666667;53
PP_0797;18;14.33333333;33.66666667;40
PP_0798;86.66666667;42.33333333;55.33333333;38.33333333
PP_0799;73;28.33333333;63.33333333;23
PP_0800;28;23.33333333;29.66666667;64.66666667
PP_0801;47.66666667;56.33333333;47.66666667;109.6666667
PP_0802;33.33333333;43;38.33333333;52.66666667
PP_0803;9.333333333;60.33333333;39;29.66666667
PP_0804;10.66666667;44.66666667;29.66666667;16.66666667
PP_0805;11.66666667;79.66666667;55.33333333;144
PP_0806;10.33333333;191;93;107
PP_0807;4.333333333;5.333333333;5.666666667;4
PP_0808;35;39;44;35.33333333
PP_0809;55;85.66666667;65;24.33333333
PP_0810;829.6666667;902.3333333;1160.333333;608.6666667
PP_0811;1398.666667;1376;1852.333333;825.3333333
PP_0812;700.6666667;630.3333333;665;111.3333333
PP_0813;337;301.6666667;262;40.33333333
PP_0814;397;385.6666667;396.6666667;63
PP_0815;576;468.3333333;573.6666667;69.66666667
PP_0816;447.6666667;318;490.6666667;130.6666667
PP_0817;76.66666667;34.33333333;146;15.33333333
PP_0818;14.33333333;11.66666667;22;11.66666667
PP_0819;45.66666667;26;40.66666667;22
PP_0820;73;78.66666667;68;79.66666667
PP_0821;54;63;56.33333333;91.33333333
PP_0822;30.33333333;30.66666667;24.33333333;31
PP_0823;48;50.66666667;34.66666667;33.33333333
PP_0824;86.33333333;171;70.66666667;87
PP_0825;34.33333333;36;33.33333333;25.33333333
PP_0826;29.66666667;18.33333333;16.66666667;14.66666667
PP_0827;53.33333333;28.33333333;61;47.66666667
PP_0828;72.33333333;57;73.33333333;52
PP_0829;119;133.6666667;130.6666667;104
PP_0830;10.33333333;13.66666667;10.66666667;19.33333333
PP_0831;25;11.66666667;10.33333333;38.33333333
PP_t19;330.6666667;216;390.3333333;362.6666667
PP_0832;246.6666667;129.3333333;208;136
PP_0833;242.6666667;248.3333333;157.6666667;114
PP_0834;334.3333333;239.6666667;269.3333333;268.6666667
PP_0835;208.6666667;127.6666667;162;80
PP_0836;573.6666667;200.3333333;420.6666667;150.6666667
PP_0837;363.3333333;2942;735;336.3333333
PP_0838;362;193;341;216.3333333
PP_0839;172.6666667;136.3333333;139.6666667;111
PP_0840;218;144.6666667;192.3333333;112.6666667
PP_0841;863.3333333;1456.666667;643.3333333;556.3333333
PP_0842;897.3333333;2069;514.3333333;692.3333333
PP_0843;1320;3038.333333;782.6666667;1288.333333
PP_0844;1037.666667;2282.666667;685;945.6666667
PP_0845;535.6666667;825.3333333;298.3333333;390.6666667
PP_0846;362.3333333;396.6666667;212.6666667;173.6666667
PP_0847;1062.666667;1310.666667;728.6666667;746.6666667
PP_0848;1232.666667;1789.333333;661;590.6666667
PP_0849;3821.666667;2771.333333;4759;3472
PP_0850;520;390.3333333;352.3333333;268.3333333
PP_0851;349.3333333;257.6666667;380.6666667;445
PP_0852;303.3333333;204.6666667;224;250.6666667
PP_0853;208;178.3333333;139.3333333;155
PP_0854;272.3333333;235.6666667;218.6666667;202.6666667
PP_0855;400.6666667;324.3333333;349.3333333;377
PP_0856;365;241.6666667;278.6666667;198.6666667
PP_0857;149.3333333;139.6666667;155.6666667;141.6666667
PP_0858;158.3333333;154.6666667;109.3333333;105.3333333
PP_0859;141;143.6666667;103.6666667;118.6666667
PP_0860;16.33333333;15;17.66666667;20
PP_0861;3;3.333333333;3;4.666666667
PP_0862;5.333333333;8;8.333333333;7.666666667
PP_0863;14.66666667;18.66666667;27.66666667;20.66666667
PP_0864;403;128.6666667;311.6666667;81.33333333
PP_0865;17.66666667;8;12;8.333333333
PP_0866;91;30;65.33333333;26.33333333
PP_0867;11;12.66666667;13.33333333;12
PP_0868;23.33333333;13;15;16.66666667
PP_0869;14.66666667;2.666666667;5;8.333333333
PP_0870;11.66666667;3;10.66666667;11.66666667
PP_0871;43.33333333;16.33333333;28.33333333;19.33333333
PP_0872;284.3333333;147;204.6666667;131
PP_0873;8.666666667;9.333333333;29.33333333;11
PP_0874;3.333333333;2.666666667;7.333333333;0.666666667
PP_0875;1.333333333;1.333333333;5.666666667;1
PP_0876;25.33333333;15;14;9.666666667
PP_0877;14.66666667;10;10.66666667;10.33333333
PP_0878;19.33333333;15;14.66666667;14.66666667
PP_0879;27;25.66666667;20.66666667;23.66666667
PP_0880;11.66666667;11;11.66666667;11.66666667
PP_0881;18.66666667;19;18.66666667;18.66666667
PP_0882;32.33333333;25.33333333;41;49.66666667
PP_0883;21.66666667;1.333333333;21.33333333;13.33333333
PP_0884;24.33333333;5.333333333;36.33333333;22
PP_0885;117.6666667;94;156;188.6666667
PP_0886;54;111.6666667;69.33333333;35
PP_0887;59;53;66.33333333;82.66666667
PP_0888;115.6666667;163;123.3333333;229
PP_0889;20.33333333;18.66666667;13;23.66666667
PP_0890;3.666666667;7.666666667;7;11
PP_0891;198.3333333;164.6666667;180;99.66666667
PP_0892;75;48;74.33333333;48.66666667
PP_0893;113.3333333;225.3333333;154.6666667;234.6666667
PP_0894;67.33333333;72;87.33333333;115.3333333
PP_0895;9.666666667;7.333333333;12.33333333;10.66666667
PP_0896;6.333333333;9;9.666666667;16.33333333
PP_0897;514.6666667;325.6666667;261.6666667;128.3333333
PP_0898;578;367.3333333;355.6666667;215.6666667
PP_0899;43.66666667;46.33333333;51.33333333;40.33333333
PP_0900;60.66666667;25.33333333;60.66666667;16.33333333
PP_0901;109;111;111.3333333;122.6666667
PP_0902;62;43;74;49.33333333
PP_0903;91.66666667;78.66666667;255.6666667;1042
PP_0904;40.66666667;57.33333333;74.33333333;243.6666667
PP_0905;989;3704.666667;1630;2455
PP_0906;7.333333333;24.66666667;18;44.66666667
PP_0907;10.66666667;36.66666667;22.33333333;75
PP_0908;54.33333333;34.66666667;46.66666667;58
PP_0909;45.33333333;30.66666667;32.33333333;25
PP_0910;19.33333333;8;14.66666667;5.666666667
PP_0911;5.666666667;4.333333333;11;6.333333333
PP_0912;2.333333333;1.666666667;1.333333333;0.333333333
PP_0913;66;33.66666667;59;32
PP_0914;94;172.6666667;118.6666667;265.6666667
PP_0915;5491.666667;5124.333333;2982.333333;1904.333333
PP_0916;2.333333333;3;2.333333333;0
PP_0917;19;23;23.33333333;11
PP_0918;26.33333333;33.66666667;24;26
PP_0919;114;91.66666667;99.66666667;80
PP_0920;83.66666667;70.33333333;79;30.33333333
PP_0921;155;385.3333333;97;41
PP_0922;33.66666667;83;65;151.3333333
PP_0923;3;2;3;3.666666667
PP_0924;6.666666667;4.666666667;8.666666667;9.333333333
PP_0925;42.66666667;61.33333333;54.33333333;56.66666667
PP_0926;81;61.33333333;88;66
PP_0927;89;63.66666667;93.66666667;64.33333333
PP_0928;64.66666667;32.33333333;92.33333333;61
PP_0929;20.33333333;13.66666667;12.66666667;11
PP_0930;150.3333333;131.3333333;83.66666667;48.66666667
PP_0931;118.3333333;94;59;48.66666667
PP_0932;382.6666667;304.3333333;283.6666667;321
PP_0933;569.3333333;346.6666667;529.6666667;291.6666667
PP_0934;179;55;136.3333333;34.33333333
PP_0935;77;32.33333333;46.33333333;20.66666667
PP_0936;79.33333333;37;53.66666667;36.33333333
PP_0937;99.66666667;69;65.33333333;47.66666667
PP_0938;59.33333333;45;56.66666667;58.66666667
PP_0939;126.6666667;88.33333333;103;114.6666667
PP_0940;78.66666667;72.66666667;64;78.66666667
PP_0941;265.6666667;182;193;134.6666667
PP_0942;92;86.66666667;80.33333333;89.66666667
PP_0943;1.333333333;1.333333333;0.333333333;0
PP_0944;2.333333333;3;1.666666667;4.666666667
PP_0945;3.333333333;4;7;4
PP_0946;2;4.333333333;3.333333333;4.333333333
PP_0947;4;4.666666667;3.666666667;3.666666667
PP_0948;70;31.33333333;27;35.33333333
PP_0949;182.3333333;143;121.3333333;163.6666667
PP_0950;653.3333333;640.3333333;571.6666667;977
PP_0951;4032.333333;6590.666667;4542;18199
PP_0952;250;192.3333333;294.3333333;327.6666667
PP_0953;212.3333333;196;143;159.6666667
PP_0954;488.6666667;443;372.3333333;469.6666667
PP_0955;266.6666667;270.6666667;316.3333333;437
PP_0956;217.3333333;223.3333333;223.3333333;247.6666667
PP_0957;182.6666667;136;150;128.6666667
PP_0958;381.3333333;400;257.3333333;231
PP_0959;246.3333333;209.3333333;208.6666667;151
PP_0960;413.6666667;463.6666667;349.3333333;324
PP_0961;648;693;650;484.3333333
PP_0962;2351;4740.666667;5397.666667;3067.666667
PP_0963;515;425.6666667;422;593.3333333
PP_0964;415.3333333;361.3333333;308.6666667;266
PP_0965;344;256;269;239.3333333
PP_0966;119.3333333;72.66666667;60.33333333;36
PP_0967;182.6666667;130;108;76.66666667
PP_0968;9.333333333;16.33333333;12.33333333;25
PP_0969;23.33333333;14.33333333;28;17
PP_0970;14.66666667;13.33333333;15.66666667;14.33333333
PP_0971;79;93;82.66666667;101.3333333
PP_0972;28.33333333;42.33333333;39.33333333;37.33333333
PP_0973;45.66666667;45.33333333;34.33333333;39.33333333
PP_0974;1263;791.3333333;2441.333333;1876.666667
PP_0975;1482;1000.666667;2008;1871.333333
PP_0976;44;27.33333333;41;37.66666667
PP_0977;244.3333333;136.6666667;147.3333333;91
PP_0978;56;51.33333333;39.66666667;38.66666667
PP_0979;75;46;48.66666667;25
PP_0980;226;232.3333333;186.6666667;109.3333333
PP_0981;275.3333333;194.3333333;308.3333333;164
PP_0982;123.6666667;103.6666667;121.6666667;99.66666667
PP_0983;91.66666667;75;99.66666667;59
PP_0984;49;43.66666667;45;42
PP_0985;44852;34607.66667;55611;27874.33333
PP_0986;91.33333333;192;32;24.33333333
PP_0987;40.33333333;97.33333333;9.333333333;20.33333333
PP_0988;100.3333333;217.6666667;18.33333333;69.33333333
PP_0989;155;390.6666667;4;9.333333333
PP_0990;3;12;8;7.333333333
PP_0991;2;4.333333333;2;3.333333333
PP_0992;1.666666667;10;4.666666667;6.333333333
PP_0993;14.66666667;26.33333333;15;35.66666667
PP_0994;36.33333333;55.33333333;34.33333333;64.66666667
PP_0995;21.33333333;32.33333333;25;27
PP_0996;17;13;18;16.33333333
PP_0997;26;20.66666667;19.33333333;26.66666667
PP_0998;437.6666667;1312;1344.333333;2462.333333
PP_0999;21;169.3333333;50;212.3333333
PP_1000;28;487.6666667;69;407.3333333
PP_1001;27.33333333;317;45;214.3333333
PP_1002;10.33333333;94;34.33333333;142.6666667
PP_1003;13;38;31;86.66666667
PP_1004;12.33333333;8.333333333;6.666666667;8
PP_1005;32.33333333;24.66666667;26.66666667;33.66666667
PP_1006;9.333333333;10.66666667;16.33333333;12.33333333
PP_1007;72.66666667;62.66666667;68.33333333;48
PP_1008;21.66666667;2.666666667;4.333333333;2.333333333
PP_1009;1002;128.3333333;23.33333333;46.33333333
PP_1010;473.6666667;94.33333333;28.33333333;37.33333333
PP_1011;310.3333333;82.33333333;33.33333333;72.66666667
PP_1012;192;34.33333333;14.66666667;38.66666667
PP_1013;87.33333333;9.333333333;10;19.66666667
PP_1014;379.3333333;11.33333333;8.333333333;18
PP_1015;2368.333333;19.33333333;17.33333333;21.33333333
PP_1016;381;0;2.666666667;1
PP_1017;448.3333333;1;1.333333333;1.666666667
PP_1018;634.3333333;2.666666667;4.333333333;5.666666667
PP_1019;1066;24.33333333;21;33.66666667
PP_1020;621.3333333;12.66666667;4.333333333;28.66666667
PP_1021;57.66666667;57;43;46.33333333
PP_1022;1377.333333;165.6666667;17.66666667;88
PP_1023;1046;92;15.33333333;56
PP_1024;3154;282.3333333;48;121.3333333
PP_1025;621;389.6666667;542.6666667;302.6666667
PP_1026;74;34.66666667;53;35.66666667
PP_1027;86;58;80.66666667;47
PP_1028;5.333333333;6;6.333333333;2.333333333
PP_1029;4.666666667;9;14.66666667;24
PP_1030;99.66666667;92.33333333;68.66666667;87.66666667
PP_1031;482.6666667;454.6666667;264;174.6666667
PP_1032;264.3333333;181.6666667;155;74.66666667
PP_1033;14;68.66666667;36;142
PP_1034;42;51.66666667;71.33333333;124.3333333
PP_1035;22;23;20.66666667;30.66666667
PP_1036;228.3333333;165.6666667;254.3333333;183.3333333
PP_1037;232.6666667;206.3333333;131;130.6666667
PP_1038;366;207.6666667;289.6666667;147.6666667
PP_1039;2;2;2.333333333;2.666666667
PP_1040;3.333333333;1.666666667;1;1.333333333
PP_1041;0;0.333333333;0.666666667;0.333333333
PP_1042;3.666666667;4.666666667;5;3.333333333
PP_1043;9.333333333;7;9.333333333;5.333333333
PP_1044;1;1.666666667;2;0
PP_1045;0;1.333333333;2.666666667;0.666666667
PP_1046;4;2.666666667;2.666666667;1.333333333
PP_1047;2;1.666666667;2.333333333;1.666666667
PP_1048;0.666666667;0;0.666666667;0
PP_1049;9.666666667;5;8.333333333;4.333333333
PP_1050;0;0;1;0
PP_1051;0.666666667;0.666666667;0.666666667;0.333333333
PP_1052;1;0.666666667;0.333333333;0.333333333
PP_1053;2;4;5.333333333;3.333333333
PP_1054;2.333333333;1.333333333;0;0.333333333
PP_1055;7;9;12.66666667;16.66666667
PP_1056;23.66666667;23;27.33333333;22.33333333
PP_1057;24.66666667;16.66666667;24;19.33333333
PP_1058;17.33333333;45.66666667;42.66666667;74.33333333
PP_1059;44.33333333;33;22.66666667;22.33333333
PP_1060;45.66666667;48;41.66666667;22
PP_1061;7;11;10;11.66666667
PP_1062;25.66666667;12.66666667;16;4
PP_1063;24;24.66666667;23;22.66666667
PP_1064;2.333333333;2.666666667;3.666666667;1.666666667
PP_1065;30;14;21.33333333;25
PP_1066;37;25;24.66666667;23.66666667
PP_1067;70;40;65;40.66666667
PP_1068;122;245.3333333;122.6666667;146
PP_1069;63;114.3333333;39;52.66666667
PP_1070;80.66666667;185.6666667;79.33333333;100.6666667
PP_1071;880.6666667;1577;1195;1755
PP_1072;15.33333333;17.33333333;14.66666667;18.66666667
PP_1073;16.33333333;4.666666667;13;10.66666667
PP_1074;75.33333333;54.33333333;62;49.33333333
PP_1075;32;22.33333333;23.66666667;18
PP_1076;30.66666667;9.333333333;21.66666667;14.33333333
PP_1077;168.6666667;207.3333333;169.3333333;170.3333333
PP_1078;177.3333333;101.3333333;138.3333333;82.33333333
PP_1079;250.3333333;161.6666667;171;124
PP_1080;9;16;12.33333333;25.33333333
PP_1081;3084;1757.666667;2862;3682.666667
PP_1082;8583.333333;11173.33333;14514;17956.33333
PP_1083;150;102;194;168.6666667
PP_1084;1987.333333;2553.333333;1395.333333;907.3333333
PP_1085;254.6666667;122;171.6666667;132
PP_1086;182.6666667;90;86.33333333;67
PP_1087;57;105.6666667;98.33333333;248.6666667
PP_1088;777;651;434.3333333;338
PP_1089;23.66666667;20.33333333;44.66666667;41.66666667
PP_1090;49.33333333;48.33333333;52;57.33333333
PP_1091;983.3333333;2038.666667;1450.333333;2912.333333
PP_1092;37.33333333;20;20.66666667;32.33333333
PP_1093;25;17;17.33333333;35.33333333
PP_1094;22;24.33333333;33.33333333;41.33333333
PP_1095;20.66666667;14.33333333;18;17.33333333
PP_1096;11;7.666666667;9;14.66666667
PP_1097;161.3333333;120;114.6666667;128
PP_1098;117;82.66666667;83.66666667;64
PP_1099;60152.66667;14256.66667;37583;10868
PP_1100;1232.333333;645;1292.666667;827.3333333
PP_1101;64.33333333;56;87;90.33333333
PP_1102;6;9.333333333;5.333333333;11.66666667
PP_1103;2.333333333;7.333333333;7.666666667;12.33333333
PP_1104;26.33333333;79;40;53.33333333
PP_1105;1.333333333;2.666666667;5;4.333333333
PP_1106;9;4.666666667;7;4.333333333
PP_1107;0;5.333333333;1.333333333;5.333333333
PP_1108;41.33333333;39;42;34.33333333
PP_1109;57;62.33333333;53;72
PP_1110;237.6666667;186.3333333;167.3333333;119
PP_1111;465.3333333;307;304.3333333;213
PP_1112;151.3333333;91.33333333;108.3333333;36.33333333
PP_1113;254;120.3333333;213;110.3333333
PP_1114;2160;1031.666667;2091.666667;1366.666667
PP_1115;40.33333333;107.3333333;98.33333333;269.6666667
PP_1116;115;99.33333333;90.33333333;56.33333333
PP_1117;16.33333333;21.66666667;39.33333333;11
PP_1118;93;115.6666667;104.3333333;146
PP_1119;75.33333333;118.6666667;121;167
PP_1120;43.33333333;67.33333333;61.66666667;119.3333333
PP_1121;42;605;172;709.6666667
PP_1122;11.66666667;88;22.66666667;60.66666667
PP_1123;78;108.6666667;57.33333333;94.33333333
PP_1124;20;26.66666667;32.33333333;38.66666667
PP_1125;69;40.66666667;51;46.33333333
PP_1126;39.33333333;52;44.33333333;79.66666667
PP_1127;110.6666667;68.33333333;80.33333333;70
PP_1128;101.3333333;131.6666667;72.66666667;113.6666667
PP_1129;155.3333333;235.6666667;167.3333333;365.3333333
PP_1130;33.33333333;47;81.33333333;123
PP_1131;924.6666667;1067.333333;938.6666667;455
PP_1132;9.333333333;23;20;29.33333333
PP_1133;7.333333333;16;7.333333333;11.33333333
PP_1134;123;109.6666667;97;106
PP_1135;45;33;37.66666667;12
PP_1136;21;20.33333333;26;18.66666667
PP_1137;190;106;345;454
PP_1138;76.66666667;54.33333333;73;97
PP_1139;41.66666667;26.33333333;33.66666667;41.66666667
PP_1140;80.66666667;50.66666667;63.33333333;96
PP_1141;509;545.6666667;789.3333333;1286
PP_1142;110.6666667;76;97.66666667;63.33333333
PP_1143;30.66666667;19;24;21.33333333
PP_1144;15;120.6666667;27.33333333;475.3333333
PP_1145;121.3333333;82.66666667;103;80.66666667
PP_1146;123.3333333;173;134;273
PP_1147;66.33333333;81;83.66666667;178.6666667
PP_1148;312.6666667;348;564.6666667;716.3333333
PP_1149;306.3333333;246.3333333;880.3333333;165.3333333
PP_1150;9;17;70.66666667;30
PP_1151;3;27.33333333;72.33333333;36
PP_1152;9.666666667;27;54.33333333;25.66666667
PP_1153;25;27;32.66666667;34.33333333
PP_1154;10;43.33333333;26.66666667;75.66666667
PP_1155;18;31.66666667;24;23
PP_1156;18.66666667;24;13;16.66666667
PP_16SE;658596.3333;494212.3333;652542;461420.3333
PP_23SE;545386;530146.6667;501755.6667;336733.3333
PP_5SE;473230;391820.6667;478323;244005.6667
PP_1157;49.66666667;65.66666667;60;15.33333333
PP_1159;7;10.33333333;11.33333333;25
PP_1160;13.66666667;25.33333333;17.66666667;19.66666667
PP_1161;26.66666667;37.66666667;27;29
PP_1162;11.33333333;7;5.666666667;9
PP_1163;3;10.33333333;6.333333333;14
PP_1164;23.66666667;18;18;19
PP_1165;8.333333333;6;9;6
PP_1166;8;3;8.333333333;5
PP_1167;15;12.66666667;15.66666667;11
PP_1168;2;2;2.666666667;1.666666667
PP_1169;11.66666667;4.333333333;18.66666667;6.666666667
PP_1170;8.333333333;5;13;5.333333333
PP_1171;27;17.66666667;26;20.66666667
PP_1172;1.333333333;1.333333333;0;1.666666667
PP_1173;7.333333333;2;16.66666667;16.66666667
PP_1174;0;2;0.333333333;4.333333333
PP_1175;9.666666667;13;5.666666667;3
PP_1176;47.66666667;51.66666667;62;33.66666667
PP_1177;332.3333333;354;330;171
PP_1178;55.33333333;51.66666667;54.33333333;35.33333333
PP_1179;296.6666667;310.3333333;188;111
PP_1180;118.3333333;16.66666667;17.66666667;33.33333333
PP_1181;17.66666667;10.66666667;13.66666667;24
PP_1182;7;9;14;16.33333333
PP_1183;23;39;22.33333333;40.33333333
PP_1184;56.33333333;141;76;174
PP_1185;2478;3113.333333;555.6666667;184
PP_1186;141.6666667;190;45;76.66666667
PP_1187;52.33333333;58.66666667;21.66666667;37.33333333
PP_1188;11.33333333;40.66666667;42.33333333;16
PP_1189;53.66666667;47.33333333;51;28.66666667
PP_1190;75;66;58;62.66666667
PP_1191;69;50.33333333;33.33333333;33.33333333
PP_1192;14;32;17.66666667;43.33333333
PP_1193;7.666666667;22.33333333;9.666666667;14.33333333
PP_1194;15;22.33333333;14.66666667;17
PP_1195;28.33333333;63.66666667;50.33333333;124.6666667
PP_1196;19;46.33333333;33.33333333;106
PP_1197;120.3333333;72.33333333;91.66666667;60
PP_1198;85.33333333;194.3333333;79.66666667;228.6666667
PP_1199;149;419.3333333;142;430
PP_1200;35.66666667;58.66666667;47.66666667;54.33333333
PP_1201;16;42.33333333;30.66666667;55
PP_1202;10.33333333;20.66666667;18;32
PP_t20;1422.666667;924;1101;194.3333333
PP_t21;2327.666667;1853.666667;3168.333333;861
PP_t22;3632.666667;2071.666667;3754;998
PP_1203;40.66666667;44;32;27.66666667
PP_1204;210;111.6666667;179.6666667;99
PP_1205;221.3333333;180;142.3333333;138.3333333
PP_1206;842.3333333;1224;1166;3048.333333
PP_1207;235.3333333;131.3333333;165.3333333;91
PP_1208;383;263.3333333;383;329.3333333
PP_1209;334.3333333;175.3333333;391.6666667;187.6666667
PP_1210;143.3333333;457;176.3333333;236
PP_1211;40.33333333;56.33333333;38.33333333;63
PP_1212;168.6666667;123;97.66666667;161.6666667
PP_1213;325.6666667;265.6666667;163;129.6666667
PP_1214;234.6666667;182.6666667;162.3333333;173.3333333
PP_1215;78.66666667;46.66666667;76.66666667;35.33333333
PP_1216;74.66666667;88;84;75
PP_1217;80.66666667;63.66666667;67.33333333;59
PP_1218;672.3333333;423.6666667;569.6666667;245
PP_1219;198.6666667;123.3333333;146;59.33333333
PP_1220;189.3333333;104;136.6666667;54
PP_1221;224.6666667;244;242;191
PP_1222;741.3333333;413.6666667;791.6666667;310.6666667
PP_1223;3261.333333;2618.333333;2382;869
PP_1224;1009;499;930;286.6666667
PP_1225;112;127.6666667;73.66666667;87.66666667
PP_1226;93;94.66666667;44.66666667;55.66666667
PP_t23;3175.333333;1944.666667;6149.666667;263.3333333
PP_1227;29.33333333;25.66666667;29;23
PP_1228;0;0.333333333;3;0.666666667
PP_1229;1.333333333;1;9.666666667;4.333333333
PP_1230;95.66666667;95.66666667;96.66666667;67.66666667
PP_1231;134.3333333;58;112.3333333;73.33333333
PP_1232;99.33333333;135.6666667;158.6666667;201.6666667
PP_1233;70.66666667;96.66666667;68;75.33333333
PP_1234;30;33.33333333;31.66666667;22
PP_1235;205.3333333;167.3333333;197.6666667;153.6666667
PP_1236;165.6666667;112;110.3333333;62.33333333
PP_1237;392.3333333;360.6666667;294.6666667;228.6666667
PP_1238;310.3333333;240.6666667;311;239.3333333
PP_1239;391.6666667;252.3333333;355;282
PP_1240;418;241;309;189.6666667
PP_t24;4677.666667;3353.666667;4970;1371
PP_1241;10.33333333;22;11.33333333;11
PP_1242;5;0.666666667;8;1.333333333
PP_1243;5.666666667;5.666666667;12.66666667;13.66666667
PP_1244;216;90.66666667;305.3333333;485.3333333
PP_1245;257;90;67;13.33333333
PP_1246;201.6666667;76;56.33333333;10.33333333
PP_1247;13.66666667;6.666666667;7.666666667;14
PP_1248;54;67;58.33333333;79.66666667
PP_1249;63299;2095.666667;11099;533.3333333
PP_1250;53.33333333;51.66666667;65;42.66666667
PP_1251;338.6666667;223;97.66666667;73
PP_1252;41.33333333;43;60.66666667;40
PP_1253;77.33333333;56;75.66666667;58.33333333
PP_1254;19.33333333;18;23.33333333;15
PP_1255;3;2;2;2.666666667
PP_1256;1;0.666666667;2;0.333333333
PP_1257;2.333333333;4.333333333;7;8
PP_1258;2.333333333;1;2;1
PP_1259;0.333333333;0;0.666666667;0
PP_1260;8.333333333;17;10;11.66666667
PP_1261;30.66666667;40.33333333;48;14.66666667
PP_1262;82.33333333;73.33333333;74.66666667;84.33333333
PP_1263;5.333333333;8.333333333;12;5
PP_1264;1.333333333;1;2;1.333333333
PP_1265;0.333333333;0.666666667;3;0.333333333
PP_1266;6;3.666666667;4;2.333333333
PP_1267;88;179.3333333;85.66666667;155.3333333
PP_1268;207.6666667;588.3333333;254.3333333;302
PP_1269;1.666666667;2.333333333;3.666666667;1.333333333
PP_1270;36;24;28.66666667;15
PP_1271;5;5.666666667;12;4.666666667
PP_1272;8.666666667;7;14.66666667;2.333333333
PP_1273;10.66666667;11;19.33333333;15.33333333
PP_1274;33;29.66666667;29.66666667;30.33333333
PP_1275;41.66666667;51.66666667;50.33333333;60
PP_1276;14;20.66666667;15.33333333;21.66666667
PP_1277;10;14.33333333;12.33333333;10.66666667
PP_1278;5.333333333;6.333333333;0.666666667;3
PP_1279;1;1;1;0.666666667
PP_1280;0.666666667;1;1;2
PP_1281;9;7.333333333;8.333333333;9.333333333
PP_1282;0;0.333333333;1.333333333;1
PP_1283;2;2;3;1.666666667
PP_1284;0.666666667;0.666666667;1;0.333333333
PP_1285;0.666666667;0.666666667;1.333333333;0.333333333
PP_1286;2.333333333;0.666666667;1.333333333;0.333333333
PP_1287;2;2;2;0.666666667
PP_1288;1.666666667;2;4;1
PP_1289;49.66666667;47;47;36.33333333
PP_1290;8.666666667;14.66666667;12.66666667;17.66666667
PP_1291;113.6666667;278.3333333;110.6666667;225
PP_1292;39.66666667;44.66666667;19.66666667;22.66666667
PP_1293;46.33333333;44.33333333;25.33333333;28.66666667
PP_1294;46.66666667;41.33333333;34.33333333;37.66666667
PP_1295;106.3333333;85.33333333;88.33333333;103.3333333
PP_1296;54.66666667;57.33333333;45.33333333;61.66666667
PP_1297;55;29;97;1134.666667
PP_1298;10.66666667;5;10.33333333;63
PP_1299;6.333333333;3;7.333333333;35.66666667
PP_1300;40;24.66666667;55.33333333;337.6666667
PP_1301;173.3333333;136.6666667;159;104.6666667
PP_1302;60.66666667;71;57;74.66666667
PP_1303;501.6666667;332.3333333;278.3333333;282.6666667
PP_1304;548;241.6666667;417.6666667;170.6666667
PP_1305;717.6666667;633.6666667;843;917.6666667
PP_1306;20;25;30;31.66666667
PP_1307;19.33333333;10.66666667;11;13.33333333
PP_1308;3;5.666666667;7.333333333;7.666666667
PP_1309;357.3333333;362.3333333;528;322.3333333
PP_1310;51.66666667;39.66666667;41;41.66666667
PP_1311;149;132.3333333;128.3333333;108.3333333
PP_1312;146.3333333;80.33333333;141.6666667;55.33333333
PP_1313;121.3333333;69.33333333;114;166.3333333
PP_1314;72.66666667;112.6666667;66.66666667;102
PP_1315;5735;3246;3385.333333;1491.333333
PP_1316;5213;2969;3912.333333;1640.666667
PP_1317;43.33333333;197.3333333;82;194
PP_1318;45.33333333;228;93.33333333;184.3333333
PP_1319;913;983.3333333;1248.333333;708.6666667
PP_1320;106;83;80.66666667;49.33333333
PP_1321;242;230;230.3333333;180.6666667
PP_1322;205;141.6666667;203.3333333;69.66666667
PP_1323;214.6666667;232.6666667;197;111.6666667
PP_1324;269.6666667;252;302.6666667;259.3333333
PP_1325;91.66666667;76;81.33333333;52.33333333
PP_1326;88.66666667;93;70.33333333;78.33333333
PP_1328;1221;1083.666667;1733.333333;1003.666667
PP_1329;141;133.3333333;168.6666667;143.3333333
PP_1330;123;122.6666667;131;106
PP_1331;255.3333333;176.3333333;274.6666667;165.3333333
PP_1332;127;112;127.3333333;98.66666667
PP_1333;228;169.3333333;312.6666667;160.6666667
PP_1334;120.3333333;119;146;109
PP_1335;143;138.6666667;151.6666667;156.6666667
PP_1336;120.3333333;93;137.6666667;99.33333333
PP_1337;141.3333333;137.6666667;140.6666667;116.3333333
PP_1338;123.3333333;100.6666667;104.6666667;97
PP_1339;185.6666667;154;161.3333333;166.6666667
PP_1340;328;226;371.6666667;268.6666667
PP_1341;312;246.3333333;320.6666667;296.3333333
PP_1342;361.6666667;531.6666667;222.3333333;141.3333333
PP_1343;572;667.6666667;406;397.6666667
PP_1344;22;18.33333333;15.66666667;21.33333333
PP_1345;326;279.6666667;265.6666667;270.3333333
PP_1346;129.6666667;103.6666667;87.66666667;65
PP_1347;75;50;25.66666667;24
PP_1348;46;49.33333333;40.33333333;30
PP_1349;31.66666667;44.33333333;35.66666667;50.66666667
PP_1350;29.66666667;31;35.66666667;48.66666667
PP_1351;31.33333333;27.66666667;19;18.66666667
PP_1352;463;326.3333333;368.3333333;221
PP_1353;142.3333333;144;115.6666667;25.33333333
PP_1354;42;27;20.66666667;7.333333333
PP_1355;75.66666667;39.66666667;75.66666667;45.33333333
PP_1356;89.66666667;102;126.6666667;141.6666667
PP_1357;31.33333333;24.66666667;25.66666667;12.66666667
PP_1358;79;97.33333333;70;80
PP_1359;140;74.33333333;96.66666667;45
PP_1360;2096.333333;1392.333333;966;569.3333333
PP_1361;1807;1133;896.6666667;333.6666667
PP_1362;257.3333333;263.3333333;65.33333333;73.66666667
PP_1363;68.66666667;91.33333333;96.66666667;191
PP_1364;471.6666667;907.3333333;846.6666667;1354.333333
PP_1365;77.33333333;108.6666667;109;151.3333333
PP_1366;9157.333333;6229.333333;10310.66667;8384.333333
PP_1367;191.3333333;162.6666667;160;84.66666667
PP_1368;5.666666667;11.33333333;8.666666667;18.33333333
PP_1369;17.66666667;34.33333333;28;82.33333333
PP_1370;14.66666667;34.33333333;27;43.33333333
PP_1371;70.66666667;78.33333333;169.3333333;269
PP_1372;15.66666667;32.66666667;20.66666667;32.33333333
PP_1373;293.6666667;111.3333333;193;96.66666667
PP_1374;268;263.6666667;317.3333333;410
PP_1375;27;56.66666667;58.66666667;38.33333333
PP_1376;18.33333333;14;787;18.33333333
PP_1377;3;4.666666667;780.6666667;3.333333333
PP_1378;17.33333333;29.33333333;378;43
PP_1379;9.333333333;19;171.3333333;13.33333333
PP_1380;15;41;253.3333333;27.33333333
PP_1381;15.33333333;38.66666667;257.3333333;27
PP_1382;6.666666667;23.33333333;84;56.66666667
PP_1383;12;25;537;53
PP_1384;135.3333333;193.3333333;150.6666667;52.33333333
PP_1385;103.6666667;154;96.66666667;19.66666667
PP_1386;120;213.6666667;136.6666667;26.33333333
PP_1387;57.33333333;43.33333333;165;28
PP_1388;10.66666667;10;13.33333333;9.666666667
PP_1389;91;135.3333333;106.3333333;116.3333333
PP_1390;55.66666667;186.3333333;77;183.6666667
PP_1391;17.66666667;17.33333333;21.66666667;17.66666667
PP_1392;26;44;23;68.66666667
PP_1393;15;15.33333333;11.33333333;14
PP_1394;16.66666667;21.66666667;16.66666667;20
PP_1395;24.33333333;37.66666667;46.66666667;30.66666667
PP_1396;41.33333333;47.66666667;148.6666667;66.66666667
PP_1397;142.3333333;86.33333333;197.3333333;132.6666667
PP_1398;76;57.66666667;44.33333333;39.66666667
PP_1399;3;13;35.33333333;12.66666667
PP_1400;8.333333333;70;144.3333333;13.66666667
PP_1401;28;24.33333333;29.66666667;26.33333333
PP_1402;18.66666667;17.66666667;23.66666667;17
PP_1403;61.66666667;34;47.33333333;41.33333333
PP_1404;27.33333333;26.33333333;27.66666667;40.66666667
PP_1405;8.333333333;3.333333333;3.666666667;3.333333333
PP_1406;23;22.66666667;18.66666667;9.666666667
PP_1407;13;16.66666667;19.33333333;16
PP_t25;1034.333333;1441;1251.666667;271.3333333
PP_1408;114.3333333;1157.666667;120.6666667;172.6666667
PP_1410;18.33333333;15;9;12
PP_1411;28;37.33333333;34.66666667;48.33333333
PP_1412;11.66666667;56;19.33333333;64
PP_1413;47.33333333;40.33333333;36;41.66666667
PP_1414;8.666666667;13.66666667;13;13.33333333
PP_1415;3;36;5.666666667;2.666666667
PP_1416;7.333333333;75;19.66666667;14
PP_1417;2.333333333;63.66666667;11;1
PP_1418;7.666666667;199.6666667;29.66666667;4.333333333
PP_1419;2.666666667;261.6666667;25;3
PP_1420;21.66666667;50;33;35
PP_1421;18.66666667;42.66666667;24.66666667;27.66666667
PP_1422;111.6666667;115;145;90
PP_1423;101.3333333;83.33333333;78.66666667;89.66666667
PP_1424;210;166.3333333;174;188.3333333
PP_1425;63;48;50.66666667;39.66666667
PP_1426;80.66666667;56;68.66666667;44.66666667
PP_1427;573.3333333;3399;728.6666667;462.6666667
PP_1428;294;1247.333333;421.6666667;414
PP_1429;165.3333333;420.6666667;193;200.6666667
PP_1430;111.6666667;148;108.6666667;74
PP_1431;292;246.3333333;286;271.6666667
PP_1432;377.3333333;226.3333333;365.6666667;245.6666667
PP_1433;150.3333333;116.3333333;126.6666667;119
PP_1434;188;119.6666667;150.3333333;102
PP_1435;59.66666667;25.66666667;37;26.66666667
PP_1436;130.3333333;154;146.3333333;184
PP_1437;6.666666667;31;12.33333333;5.666666667
PP_1438;9.333333333;41.33333333;7.666666667;6.666666667
PP_1439;27.33333333;68;56.33333333;32.66666667
PP_1440;32;14.33333333;41.33333333;14.33333333
PP_1441;46.33333333;16.66666667;24.66666667;17.66666667
PP_1442;44.33333333;37;20;57
PP_1443;71;36.66666667;40;39.66666667
PP_1444;19;52.33333333;23.66666667;32.33333333
PP_1445;11.33333333;30.66666667;16.66666667;71.33333333
PP_1446;3.666666667;2;3.333333333;2.333333333
PP_1447;122.6666667;77.66666667;125.3333333;109.3333333
PP_1448;15.66666667;14.66666667;21.66666667;33.66666667
PP_1449;8.666666667;9.666666667;11.66666667;10.66666667
PP_1450;9;5.666666667;10.66666667;7.333333333
PP_1451;88;93;74.33333333;93.33333333
PP_1452;108.6666667;122;150.3333333;184.6666667
PP_1453;115;145;104.3333333;150
PP_1454;77.33333333;95;62.66666667;86
PP_1455;113.6666667;165;116.3333333;262
PP_1456;43;32;40.33333333;23
PP_1457;101;103.6666667;65.66666667;48.66666667
PP_1458;53.66666667;31;99.33333333;99.66666667
PP_1459;145.3333333;96.33333333;131.6666667;76.33333333
PP_1460;152;92.33333333;144.3333333;119.6666667
PP_1461;563.6666667;428.6666667;559;506.6666667
PP_1462;5213;1841.666667;4220;3458
PP_1463;1651.333333;713.3333333;969.6666667;588.6666667
PP_1464;1681.666667;880.3333333;1118.666667;606.6666667
PP_1465;2457.333333;991.3333333;2685.666667;1577.666667
PP_1466;9.333333333;6.666666667;6.666666667;6
PP_1467;6;23.33333333;11.66666667;33
PP_1468;13.33333333;10.66666667;10.33333333;8.333333333
PP_1469;160.3333333;141.3333333;132.3333333;99.33333333
PP_1470;187.6666667;160.6666667;100.3333333;87.33333333
PP_1471;141.6666667;112;80.33333333;56
PP_1472;44;29;59;49
PP_1473;56.33333333;89;154.3333333;45.33333333
PP_1474;52.66666667;45;49.66666667;43
PP_1475;50;51;50.66666667;44.33333333
PP_1476;63.33333333;66;63.66666667;64
PP_1477;43.33333333;32.66666667;38.66666667;29.33333333
PP_1478;38;166.3333333;63;131
PP_1479;45.33333333;76.33333333;38;86.33333333
PP_1480;112.6666667;181.6666667;142.6666667;179
PP_1481;12;50;24.33333333;62.66666667
PP_1482;10.33333333;17;10.33333333;27
PP_1483;4.333333333;11.66666667;15;34
PP_1484;5;16.66666667;17;40.66666667
PP_1485;0;0.666666667;0.666666667;0.333333333
PP_1486;32.66666667;110.6666667;55.66666667;112.3333333
PP_1487;27.66666667;186.6666667;32.33333333;42.66666667
PP_1488;81.33333333;174;114;212.6666667
PP_1489;68;80;55.33333333;89.66666667
PP_1490;43.66666667;57;48.33333333;77.33333333
PP_1491;37.66666667;42;33.33333333;62.33333333
PP_1492;28;44;31.33333333;60.33333333
PP_1493;37.33333333;64;40.33333333;93
PP_1494;66.66666667;98.66666667;78.33333333;158.3333333
PP_1496;225;130;113;52.66666667
PP_1497;55;62.66666667;69.66666667;45.33333333
PP_1498;111.3333333;180;148.6666667;238.3333333
PP_1499;78.66666667;116;77.33333333;116.6666667
PP_1500;86.33333333;81.33333333;105.6666667;103
PP_1501;89.33333333;61;88;87.66666667
PP_1502;38;63.66666667;68.66666667;34
PP_1503;36;68.33333333;94.66666667;32.66666667
PP_1504;11;38.33333333;27.66666667;122.6666667
PP_1505;31;41.66666667;40.33333333;25
PP_1506;642;432.3333333;698.6666667;665.6666667
PP_1507;49;36.33333333;46;39
PP_1508;86.66666667;194;85.66666667;83.66666667
PP_1509;21.33333333;27.33333333;14.66666667;20
PP_1510;19;54.66666667;24;43.66666667
PP_1511;11.33333333;16.33333333;11;20
PP_1512;99;126.3333333;186;334.6666667
PP_1513;28.66666667;33;26.66666667;31.33333333
PP_1514;19.33333333;17.33333333;19.33333333;22.66666667
PP_1515;144.6666667;119;116;102
PP_1516;25;25.66666667;32.66666667;13
PP_1517;26.33333333;15.33333333;31.33333333;12.33333333
PP_1518;88.66666667;85;85.33333333;37
PP_1519;56.66666667;55.66666667;45.66666667;32.66666667
PP_1520;12.33333333;10.66666667;10.66666667;9.666666667
PP_1521;297.3333333;18.33333333;85;11
PP_1522;12457.33333;4756.666667;19147.66667;16322
PP_1523;306.3333333;224.6666667;512;468
PP_1524;30.66666667;23;27.66666667;27.66666667
PP_1525;44.66666667;36;28;23.33333333
PP_1526;53.33333333;89.66666667;85.66666667;157
PP_1527;78.33333333;58.66666667;68.33333333;45
PP_1528;39;29.33333333;51;44.33333333
PP_1529;37.66666667;23.66666667;25;17
PP_1530;180;115.6666667;123.6666667;52.66666667
PP_1531;470.3333333;354.6666667;300.3333333;208
PP_1532;17.66666667;48.66666667;41.66666667;56.33333333
PP_1533;21.33333333;47;87.66666667;134
PP_1534;6.333333333;10.33333333;36.66666667;13
PP_1535;5;15;14.66666667;7.333333333
PP_1536;8.666666667;17.33333333;27.33333333;13
PP_1537;9.333333333;32;49;31
PP_1538;7.666666667;19.66666667;29;10
PP_1539;14.33333333;33;51.66666667;12.66666667
PP_1540;10;34.33333333;43;23.33333333
PP_1541;18.66666667;34;47;11.66666667
PP_1542;25.33333333;67.33333333;68;64.66666667
PP_1543;17.33333333;48.33333333;71.33333333;20.33333333
PP_1544;88.66666667;70;86.33333333;24.33333333
PP_1545;18.33333333;37;46.33333333;21.66666667
PP_1546;25.66666667;25.33333333;51.66666667;10
PP_1547;12;11.33333333;10.33333333;6.666666667
PP_1548;51.33333333;130.6666667;252.3333333;82
PP_1549;354.6666667;352.6666667;337;346.3333333
PP_1550;147;90.66666667;632;110.3333333
PP_1551;10.66666667;15;26.66666667;6.333333333
PP_1552;4;10;28.33333333;4
PP_1553;1;5.666666667;31.33333333;3
PP_1554;1;6.333333333;16.66666667;3.666666667
PP_1555;3;4;13.33333333;2.333333333
PP_1556;9;10.66666667;29.33333333;6
PP_1557;9.666666667;7;27.33333333;8
PP_1558;7.333333333;4.666666667;21.33333333;7.333333333
PP_1559;4.666666667;19.66666667;48.66666667;15
PP_1560;9.333333333;27.33333333;175;17.66666667
PP_1561;6.666666667;24.33333333;88.33333333;8
PP_1562;6.666666667;23.33333333;104.6666667;7.666666667
PP_1563;20;48.33333333;124.3333333;33.66666667
PP_1564;9.333333333;6.666666667;20.33333333;4.333333333
PP_1565;12.33333333;44.66666667;110;17.33333333
PP_1566;10.66666667;35.66666667;140.3333333;15.33333333
PP_1567;26.66666667;63.33333333;257;42.33333333
PP_1568;32.33333333;65.33333333;443.3333333;40.66666667
PP_1569;13;48;125;11.33333333
PP_1570;24.33333333;61.66666667;158.6666667;36
PP_1571;11.33333333;52.66666667;183.6666667;11.33333333
PP_1572;16.33333333;42.33333333;195;10.66666667
PP_1573;12;30.66666667;156.6666667;13.66666667
PP_1574;14.33333333;34.33333333;114.3333333;8.666666667
PP_1575;20.33333333;18.66666667;163.3333333;8.333333333
PP_1576;1273.666667;1159;1128.666667;458
PP_1577;14.33333333;38.66666667;102.6666667;19.33333333
PP_1578;19;32.66666667;113.6666667;10.66666667
PP_1579;11;29;59.33333333;8.666666667
PP_1580;13.33333333;54.66666667;69;23.33333333
PP_1581;17.33333333;40.66666667;90.33333333;31.33333333
PP_1582;16.33333333;41;74.66666667;28.33333333
PP_1583;8;16.66666667;64;4
PP_1584;8;16.33333333;102;8.666666667
PP_1585;114.3333333;184;104;206
PP_1586;241.3333333;480.3333333;233.3333333;225.6666667
PP_1587;20.33333333;34.66666667;29.33333333;38
PP_1588;105.6666667;98.66666667;62.33333333;58.33333333
PP_1589;60.66666667;72.66666667;47.66666667;80.66666667
PP_1590;146;167.6666667;94.33333333;115.3333333
PP_1591;6174.666667;3370.333333;4205.666667;3032.333333
PP_1592;1206.666667;722.6666667;726.3333333;376.3333333
PP_1593;700.6666667;636.3333333;564;369.6666667
PP_1594;669.3333333;497;412.6666667;351
PP_1595;201.6666667;153.6666667;138;111.6666667
PP_1596;108.3333333;76.66666667;100.6666667;97.33333333
PP_1597;115;80.33333333;101.3333333;102.3333333
PP_1598;200;285.3333333;263.3333333;598.3333333
PP_1599;252.6666667;215.3333333;229;211.6666667
PP_1600;581;501.6666667;529.6666667;576.3333333
PP_1601;237.6666667;166.3333333;227.3333333;162
PP_1602;834.3333333;599;778.6666667;575.6666667
PP_1603;272;173.6666667;219;153.6666667
PP_1604;195.6666667;76.33333333;182.6666667;67
PP_1605;156.3333333;66.66666667;125.3333333;53
PP_1606;77.33333333;67.66666667;66.33333333;51
PP_1607;311;312.6666667;269.3333333;234.3333333
PP_1608;46.66666667;57.66666667;49;62.66666667
PP_1609;1700;1558;1206;900
PP_1610;230;222.6666667;135;126.3333333
PP_1611;301;283;268;193.3333333
PP_1612;559.3333333;461.6666667;321.3333333;196.3333333
PP_1613;179.6666667;271;246;275
PP_1614;53.33333333;46;50;33
PP_1615;74;60.33333333;54;65.33333333
PP_1616;74.66666667;71.66666667;875;33.66666667
PP_1617;45.66666667;42;629;31.33333333
PP_1618;195;132;106.6666667;126.3333333
PP_1619;131;128.6666667;172.3333333;143
PP_1620;309;262.6666667;248.6666667;225.3333333
PP_1621;166;161.6666667;104.6666667;183.6666667
PP_1622;1248.333333;2243.666667;1873.666667;3816
PP_1623;430.3333333;1199.666667;464.3333333;1153.666667
PP_1624;51.33333333;47.66666667;61;45.33333333
PP_1625;2334.666667;1291.333333;2044;1567.666667
PP_1626;72;34.66666667;47;21
PP_1627;28;14.66666667;18.33333333;9
PP_1628;59.33333333;48.33333333;63;63
PP_1629;318;408.3333333;429;208.6666667
PP_1630;121.6666667;90.66666667;161;38.33333333
PP_1631;25;113;46.66666667;120.3333333
PP_1632;43.33333333;87.66666667;59.66666667;205
PP_1633;99.33333333;98;85;69
PP_1634;62.33333333;36.33333333;48.33333333;42.66666667
PP_1635;40.33333333;46;27;36
PP_1636;46.66666667;47;57.66666667;62
PP_1637;44.66666667;47.33333333;46;56
PP_1638;920.3333333;1293.666667;529;221
PP_1639;120;157.6666667;202.6666667;252
PP_1640;34.66666667;241.3333333;102;1564
PP_1641;124.6666667;123;142.6666667;164.6666667
PP_1642;104.6666667;64.66666667;96.66666667;62.66666667
PP_1643;43;31;28;28
PP_1644;90;66.33333333;61.33333333;45
PP_1645;73;54.33333333;50.33333333;38
PP_1646;85.33333333;129;95.33333333;117
PP_1647;82.33333333;67.33333333;91;91
PP_1648;78.33333333;82;75;82.66666667
PP_1649;17.33333333;19.66666667;14;19.66666667
PP_1650;18.66666667;26.66666667;21.33333333;24.66666667
PP_1651;4;5;5;2.666666667
PP_1652;4.333333333;3.666666667;5.666666667;5.333333333
PP_1653;15;20.33333333;20.33333333;30
PP_1654;140.6666667;129.6666667;88;133
PP_1655;139.3333333;99.66666667;107;115
PP_1656;179.3333333;144.6666667;141;149
PP_1657;223.6666667;241.6666667;199.3333333;200.6666667
PP_1658;298.6666667;246.6666667;203.6666667;254.3333333
PP_1659;19;132.6666667;18.66666667;100
PP_1660;10;128;17.33333333;102.3333333
PP_1661;12.33333333;91.66666667;15;68
PP_1662;40;200;484.6666667;121.6666667
PP_1663;279.6666667;234.3333333;212.3333333;108.6666667
PP_1664;216.3333333;181;171.6666667;84.33333333
PP_1665;226.3333333;179;144;99.66666667
PP_1666;104;125.3333333;129.6666667;114.3333333
PP_1667;26.66666667;35;36.33333333;36
PP_1668;182.6666667;122.3333333;119.3333333;53.66666667
PP_1669;331;315;233.3333333;187
PP_1670;77.33333333;193.3333333;97.66666667;141.3333333
PP_1671;26;13.66666667;15.33333333;16
PP_1672;76.66666667;63.33333333;53.66666667;47.33333333
PP_1673;25.66666667;24.33333333;21.66666667;16.66666667
PP_1674;18;17.66666667;22.66666667;12.66666667
PP_1675;29;18.66666667;18.33333333;11
PP_1676;32.33333333;18.66666667;27.33333333;17
PP_1677;26;23;22;23
PP_1678;28.66666667;36;41.66666667;34.66666667
PP_1679;27.33333333;24;20;24.66666667
PP_1680;22;20.33333333;22.33333333;14.33333333
PP_1681;6.666666667;4.333333333;5.333333333;6
PP_1682;7.333333333;12.66666667;9.666666667;7.333333333
PP_1683;133.3333333;122.6666667;195;135
PP_1684;32.33333333;26.66666667;54;25.66666667
PP_1685;50;25.33333333;80;35.33333333
PP_1686;152.6666667;367.6666667;304.3333333;807.6666667
PP_1687;0;3.666666667;2;4.666666667
PP_1688;43;37.33333333;53;43
PP_1689;100;228.3333333;76.33333333;61
PP_1690;16.33333333;84;17.66666667;84
PP_1691;86.66666667;189.3333333;117;61
PP_1692;11.33333333;4;8.666666667;2.666666667
PP_1693;3.666666667;2.666666667;8.333333333;6
PP_1694;14;18;14;21
PP_1695;33;39;38;38.33333333
PP_1696;20.66666667;21;15;23
PP_1697;8.333333333;10.66666667;6.666666667;7.666666667
PP_1698;9;8.333333333;7.666666667;5.333333333
PP_1699;1.666666667;2.333333333;3.333333333;2
PP_1700;24.66666667;37.66666667;24;23
PP_1701;159.6666667;165.6666667;147.6666667;168.6666667
PP_1702;118.3333333;108.3333333;75.33333333;45.33333333
PP_t26;30014;32524;43195;9353
PP_t27;13413;15019.66667;19161.66667;2668.666667
PP_t28;31135.66667;32390.33333;43059.66667;9593.333333
PP_t29;13562.33333;15260;19780.66667;2822.666667
PP_1703;0.666666667;1;1.333333333;1
PP_1704;5.666666667;0.666666667;0.666666667;0.666666667
PP_1705;1;1.333333333;1.666666667;1.666666667
PP_1706;2;1.666666667;2.333333333;9
PP_1707;6.333333333;7;9;5.333333333
PP_1708;0.666666667;1.666666667;1.666666667;0.333333333
PP_1709;0.666666667;1;0.333333333;0
PP_1710;1.666666667;3;4.666666667;2
PP_1711;3;1.333333333;0.333333333;1.333333333
PP_1712;18;30.66666667;20.66666667;35.66666667
PP_1713;33.66666667;35.66666667;32.33333333;35
PP_1714;392.3333333;547;361;268.3333333
PP_1715;23.33333333;40.66666667;24;65.66666667
PP_1716;395.3333333;761;459.3333333;369.6666667
PP_1717;100.6666667;142.3333333;95.66666667;91.33333333
PP_1718;8;10;7.666666667;21.66666667
PP_1719;193;249.6666667;241.6666667;334.6666667
PP_1720;110;127.3333333;115.6666667;100
PP_1721;21.66666667;87;48.33333333;111.3333333
PP_1722;16.33333333;38.66666667;27.66666667;52.66666667
PP_1723;9;22.66666667;15.66666667;39.33333333
PP_1724;10;28;19;34
PP_1725;14.66666667;54;26.66666667;43.33333333
PP_1726;27.33333333;289.6666667;75.33333333;200.6666667
PP_1727;6;16.33333333;9.333333333;14.33333333
PP_1728;41.66666667;51;53.33333333;58
PP_1729;41.66666667;59.33333333;41.66666667;140.6666667
PP_1730;91.33333333;79;74;75
PP_1732;697;1053.666667;660.6666667;714
PP_1733;380.6666667;440.6666667;372;477
PP_1734;58.33333333;102.3333333;60.66666667;76
PP_1735;51;29.66666667;40.66666667;39.66666667
PP_1736;27.33333333;14;18;10.33333333
PP_1737;18.66666667;24;19.33333333;16
PP_1738;18.66666667;37;25;24.33333333
PP_1739;40.66666667;46.66666667;53.66666667;77.66666667
PP_1740;24.33333333;30.33333333;35;34.66666667
PP_1741;25;47.66666667;26.66666667;77.33333333
PP_1742;32;175;65;17
PP_1743;21.33333333;52.66666667;27.33333333;11.33333333
PP_1744;22.66666667;67.33333333;79;21
PP_1745;7.333333333;15;10;16
PP_1746;23.33333333;23.33333333;26;42.33333333
PP_1747;13.33333333;17.33333333;25;33.33333333
PP_1748;2.666666667;5.666666667;4.333333333;12
PP_1749;7;6.666666667;9;12.33333333
PP_1750;4.666666667;8.333333333;5;15.66666667
PP_1751;29.66666667;21.33333333;32.66666667;29.33333333
PP_1752;73.33333333;141.3333333;99;225.3333333
PP_1753;16.66666667;16.66666667;21;19
PP_1754;50;86;66.33333333;117.6666667
PP_1755;33;126.3333333;31;76.66666667
PP_1756;195;215.3333333;135.3333333;106.3333333
PP_1757;361.6666667;338.3333333;249.6666667;141.6666667
PP_1758;123.3333333;154;110.6666667;156.3333333
PP_1759;63.33333333;76.66666667;64.33333333;42.33333333
PP_1760;31.66666667;19;24.33333333;27.66666667
PP_1761;35.66666667;132;78.66666667;173.3333333
PP_1762;91.66666667;371.6666667;157.3333333;386.6666667
PP_1763;68;76.66666667;51.66666667;54.66666667
PP_1764;109.3333333;159;121.6666667;132
PP_1765;146;169.3333333;90.33333333;97.33333333
PP_1766;114.3333333;107.3333333;96.33333333;63.66666667
PP_1767;307.6666667;255.3333333;251.3333333;159.3333333
PP_1768;226.6666667;159;92.33333333;96
PP_1769;195.6666667;147.6666667;105;120.3333333
PP_1770;134.6666667;102;79.33333333;73.66666667
PP_1771;2863.333333;2886;1940.333333;1489
PP_1772;4304;3298;3024.333333;2254.666667
PP_1773;364.3333333;604;440.3333333;1201.333333
PP_1774;181.6666667;207;192.6666667;437.3333333
PP_1775;18;21.33333333;14.33333333;17
PP_1776;262.6666667;330.6666667;193.6666667;311.3333333
PP_1777;142;94.66666667;102;106.3333333
PP_1778;274.6666667;196.3333333;284.3333333;171.3333333
PP_1779;187.6666667;124;141.6666667;123.3333333
PP_1780;133.6666667;103.6666667;117.6666667;130.3333333
PP_1781;120;39;147;73
PP_1782;240;142.6666667;112.3333333;73.33333333
PP_1783;344.3333333;207;142;155.3333333
PP_1784;437.6666667;261;296.6666667;216
PP_1785;314;212.3333333;161.3333333;175.3333333
PP_1786;291;280.6666667;218.6666667;235
PP_1787;543.6666667;478.6666667;421.3333333;527.3333333
PP_1788;3234;473.3333333;1393.666667;467.3333333
PP_1789;354.6666667;136.6666667;218.3333333;182
PP_1790;726.6666667;367;419;398.6666667
PP_1791;248;175;110.6666667;84.33333333
PP_1792;155.3333333;123.6666667;97.66666667;104.6666667
PP_1793;155;97.33333333;125;115.6666667
PP_1794;1471.333333;1103;888.6666667;756
PP_1795;718.3333333;557.6666667;564.3333333;614.6666667
PP_1797;45;40.33333333;40;36
PP_1798;56.33333333;40.33333333;51.33333333;43.33333333
PP_1799;432;468.6666667;312.6666667;340.6666667
PP_1800;173.3333333;162;141;153.3333333
PP_1801;101.3333333;72.33333333;80;92.66666667
PP_1802;95;77.66666667;103.6666667;117
PP_1803;76;53.33333333;64.33333333;62.66666667
PP_1804;59;55;68;86.66666667
PP_1805;103;95.66666667;95.33333333;141
PP_1806;110.6666667;82;106;141
PP_1807;224.6666667;324;266.6666667;353.6666667
PP_1808;93;98.66666667;87.66666667;150.3333333
PP_1809;26.66666667;30.66666667;59.66666667;87.66666667
PP_1810;2.666666667;6.333333333;4.333333333;8.666666667
PP_1811;3.333333333;29;9.333333333;88.33333333
PP_1812;0.666666667;1.666666667;0.333333333;3
PP_1813;72.66666667;183.3333333;191.6666667;260
PP_1814;209.3333333;369;329.3333333;428.6666667
PP_1815;70.33333333;51.33333333;46.33333333;40.33333333
PP_1816;17;65.66666667;15;34.66666667
PP_1817;6;19.66666667;12.33333333;26.33333333
PP_1818;10.33333333;12.66666667;16;32.33333333
PP_1819;10.66666667;18.33333333;16.66666667;46
PP_1820;27.66666667;14.33333333;66;36.33333333
PP_1821;98.66666667;148;104;165
PP_1822;298.6666667;149.3333333;237;128.3333333
PP_1823;565.6666667;480.3333333;493.3333333;301.3333333
PP_1824;287.6666667;216.3333333;257.3333333;141.6666667
PP_1825;57.33333333;74.66666667;53.33333333;42.33333333
PP_1826;156.6666667;137.3333333;149;107
PP_1827;91.66666667;100.6666667;79.33333333;73.66666667
PP_1828;44;57.66666667;89.66666667;224.3333333
PP_1829;6.666666667;16;6.333333333;1.666666667
PP_1830;134;134.6666667;118;163.6666667
PP_1831;8.333333333;3.333333333;9;4
PP_1832;67.66666667;49.33333333;58.33333333;60.66666667
PP_1833;25;73.33333333;497;74
PP_1834;41;31.66666667;41;41
PP_1835;68.66666667;53;88.66666667;76
PP_1836;8.666666667;12.66666667;14.33333333;13.33333333
PP_1837;72.66666667;199;167.6666667;367
PP_1838;61.33333333;46.33333333;74;40
PP_1839;27.33333333;69.33333333;59;38.66666667
PP_1840;103;455;248.3333333;1161
PP_1841;44.33333333;45.33333333;68.33333333;433
PP_1842;119;173.3333333;147.3333333;307.6666667
PP_1843;40.33333333;60.33333333;65.66666667;88.33333333
PP_1844;38.33333333;16.66666667;28.33333333;11.66666667
PP_1845;32;48.33333333;33;31
PP_t30;3453.666667;2363;3645.333333;453
PP_1846;43;38.33333333;42.33333333;28.33333333
PP_1847;38;32.33333333;39.66666667;26
PP_1848;15;37;9;97.33333333
PP_1849;62.33333333;224.3333333;123;886.6666667
PP_1850;2;2;5;2.666666667
PP_1851;1.333333333;5.666666667;1.333333333;7.666666667
PP_1852;15.33333333;39;18.66666667;54.66666667
PP_1853;6.333333333;7.333333333;8.666666667;6.333333333
PP_1854;21.33333333;25.33333333;32.66666667;33
PP_1855;27.66666667;26;33.66666667;34.66666667
PP_1856;3.666666667;7.333333333;5.666666667;0
PP_1857;19;14;21.66666667;12.33333333
PP_1858;6537.333333;3290.666667;7160.666667;4242
PP_1859;255.3333333;522.3333333;139.6666667;851
PP_1860;30.33333333;63.66666667;36;104.3333333
PP_1861;2;3;2.666666667;2
PP_1862;5.333333333;9;18;10
PP_1863;24.33333333;41.66666667;26.66666667;39.66666667
PP_1864;5;1.666666667;4.333333333;8.666666667
PP_1865;23.33333333;30.66666667;21.66666667;28.33333333
PP_1866;18;25.66666667;13;17
PP_1867;30.66666667;26;33;17
PP_1868;274.3333333;98;118.3333333;36.66666667
PP_1869;5;7.666666667;8;7.666666667
PP_1870;12.66666667;31.33333333;15;20
PP_1871;167;326.3333333;131.3333333;86.66666667
PP_1872;183.3333333;164.3333333;134;109.3333333
PP_1873;120.6666667;241.3333333;158.3333333;221
PP_1874;25.33333333;44.66666667;16.33333333;47
PP_1875;55.66666667;93.66666667;53.66666667;80
PP_1876;69.66666667;54.33333333;66.33333333;44.33333333
PP_1877;68;57;72;53.66666667
PP_1878;155.3333333;230.6666667;241;288.6666667
PP_t31;9817;6540.333333;15669;9893.666667
PP_t32;4504;4132;3987;4139
PP_t33;3866;3200;5125.666667;5213
PP_t34;1642.333333;1659;1467.333333;1602
PP_t35;1259;999.6666667;941.3333333;155.3333333
PP_1879;7;12.66666667;6.666666667;11
PP_1880;4.666666667;7.333333333;6.333333333;6.666666667
PP_1881;4.666666667;13.66666667;6.333333333;14
PP_1882;4.333333333;8;5.666666667;9.333333333
PP_1883;1.666666667;4;2.666666667;4.666666667
PP_1884;8.666666667;10;7.666666667;13.66666667
PP_1885;3;3.333333333;2.666666667;2.666666667
PP_1886;8;9.666666667;6;9.333333333
PP_1887;44;64.33333333;56.66666667;78
PP_1888;4;5.333333333;5.333333333;6.333333333
PP_1889;6;5.666666667;9;8
PP_1890;1;0.666666667;2.666666667;1.333333333
PP_1891;11;7.333333333;11.33333333;12.33333333
PP_1892;685.6666667;297.6666667;520.6666667;308.3333333
PP_1893;10.66666667;80;24.66666667;46
PP_1894;113.3333333;200.6666667;77.33333333;128.3333333
PP_1895;59.33333333;64.66666667;42.33333333;50.33333333
PP_1896;32.33333333;34.66666667;26;21
PP_1897;8.333333333;10.66666667;8.666666667;11
PP_1898;145.6666667;109;114.6666667;105
PP_1899;98.33333333;69;68.33333333;73
PP_1900;78;56.33333333;60;71.33333333
PP_1901;221;235;132;168.6666667
PP_1902;106.3333333;90;46.66666667;65
PP_1903;47;41.33333333;30.66666667;39
PP_1904;65;54;55;65.33333333
PP_1905;254.3333333;121;135.3333333;83.66666667
PP_1907;47.33333333;30;38.66666667;30.66666667
PP_1908;77;59.66666667;65.33333333;46.66666667
PP_1909;58.66666667;86.66666667;70;125
PP_1910;9322;7193.666667;9755.666667;6782.333333
PP_1911;21004.33333;8253.666667;10217.33333;3591.333333
PP_1912;618.6666667;306.3333333;321;134
PP_1913;150.6666667;201.6666667;118.6666667;179.6666667
PP_1914;571;496.3333333;371;393
PP_1915;60115.66667;29747;34628.66667;12864.33333
PP_1916;142.3333333;107.3333333;114;126.6666667
PP_1917;57.66666667;51;59;41
PP_1918;84.66666667;77.33333333;89.66666667;79
PP_1920;99.66666667;65;97.33333333;86
PP_1921;118.3333333;278.6666667;179.6666667;550
PP_1922;98.66666667;89;82;152
PP_1923;19.66666667;37.66666667;21;37
PP_1924;15.66666667;19.33333333;11;22
PP_1925;4;15.33333333;8;16
PP_1926;17;25;15.33333333;27.66666667
PP_1927;9.666666667;15.33333333;4.666666667;4
PP_1928;11;19;8.333333333;10.66666667
PP_1929;5.333333333;8.666666667;4.333333333;4.666666667
PP_1930;0;9.666666667;4.666666667;4.666666667
PP_1931;8;51.66666667;18.66666667;79
PP_1932;58.66666667;61.33333333;34.33333333;96.33333333
PP_1933;48;52;54.66666667;75
PP_1934;18;48.33333333;28.33333333;113.6666667
PP_1935;5.666666667;2;1.666666667;3.333333333
PP_1936;61.33333333;71;46;122.3333333
PP_1937;21;33.66666667;40;90.66666667
PP_1938;120.6666667;107.6666667;124;154.6666667
PP_1940;19;17.66666667;31.66666667;39.33333333
PP_1941;102.3333333;76.33333333;75;77.66666667
PP_1942;44;52.33333333;30.33333333;49.66666667
PP_1943;3.666666667;6.333333333;7.666666667;6
PP_1944;5.666666667;8.333333333;7.666666667;6
PP_1945;9.666666667;11;18;16.66666667
PP_1946;9;11;21.66666667;35.66666667
PP_1947;2;2.333333333;1.333333333;4
PP_1948;0.666666667;2;2;3.333333333
PP_1949;2.666666667;5.666666667;6.666666667;9.333333333
PP_1950;1.333333333;3.666666667;4;5.333333333
PP_1951;4.666666667;8.666666667;7.333333333;17.33333333
PP_1952;7.666666667;12;10.33333333;11
PP_1953;3.333333333;448.3333333;4.666666667;7.333333333
PP_1954;1;3;3.666666667;1
PP_1955;2.333333333;3;4;6.333333333
PP_1956;16.66666667;18;36.33333333;78
PP_1957;8;8.333333333;10.33333333;15.33333333
PP_1958;79;156.6666667;86.66666667;296.3333333
PP_1959;230;236.6666667;217.6666667;462
PP_1960;49.33333333;33.33333333;45.66666667;45
PP_1961;68;41;51.33333333;58.66666667
PP_1962;55.66666667;30.33333333;47;50
PP_1963;72.66666667;40;72.33333333;43.33333333
PP_1964;93.66666667;135;124.6666667;136
PP_1966;73.66666667;95;67.66666667;90
PP_1967;84.66666667;72.66666667;76.33333333;106.6666667
PP_1968;131;149.3333333;164.6666667;178.6666667
PP_1969;11.33333333;13;13.33333333;9.333333333
PP_1970;39.33333333;81.33333333;50.33333333;77.66666667
PP_1971;48.66666667;94.66666667;75.66666667;176
PP_t36;419.6666667;499.6666667;773;214.3333333
PP_1972;326.3333333;405.3333333;276.6666667;221.6666667
PP_1973;0.666666667;6;1.666666667;13
PP_1974;40.66666667;54.66666667;43.33333333;40.66666667
PP_1975;11;8;21;13.66666667
PP_1976;11;12;48.33333333;38
PP_1977;136.3333333;127.3333333;85;73.33333333
PP_t37;6910;4213.666667;5360.333333;2087.666667
PP_t38;5943.333333;4724;5102.333333;3128.333333
PP_t39;1402.666667;1165.333333;995;570
PP_t40;1503.666667;1343.333333;1226;722.6666667
PP_t41;4551.333333;2074;2757;1257.333333
PP_t42;655.6666667;366.6666667;528.3333333;152.3333333
PP_1978;14;83.33333333;12.33333333;15.33333333
PP_1979;7.333333333;14;8;9.666666667
PP_1980;64;75.66666667;62.33333333;104.6666667
PP_1981;82.33333333;65.33333333;65.33333333;63.66666667
PP_1982;1286.333333;874.3333333;1195.333333;1012.333333
PP_1983;22;57;31;92.66666667
PP_1984;19;40.33333333;33.33333333;66
PP_1985;428.3333333;409.3333333;208.6666667;107.6666667
PP_1986;191.3333333;223;72.66666667;30.33333333
PP_1987;119;105;55.33333333;31.33333333
PP_1988;211.6666667;210;102.3333333;114.3333333
PP_1989;317;316.3333333;225.3333333;210.3333333
PP_1990;27.66666667;31.33333333;28.33333333;27.33333333
PP_1991;37.33333333;61.33333333;60.66666667;182
PP_1992;69.33333333;118.3333333;126;243.6666667
PP_1993;92.66666667;134.6666667;122.6666667;164.3333333
PP_1995;339.3333333;429.3333333;398.6666667;428.3333333
PP_1996;211;294;206.3333333;209.6666667
PP_1997;72;84.66666667;80;83
PP_1998;93.33333333;109.6666667;92;87.66666667
PP_1999;438.6666667;324.6666667;407;360
PP_2000;196.3333333;166;118;119
PP_2001;214.6666667;189.6666667;162.3333333;222
PP_2002;158;104.6666667;130.3333333;116
PP_t43;9113.666667;12204.66667;7251;1657.666667
PP_t44;1858;2049;1550.333333;477.6666667
PP_t45;852;966;302.3333333;119.6666667
PP_t46;310;202;155.6666667;20
PP_2003;58.33333333;77;72.66666667;101.6666667
PP_2004;32;16.66666667;26;36.33333333
PP_2005;74.33333333;66.33333333;81;90
PP_2006;34.66666667;157.6666667;38.33333333;268.6666667
PP_2007;6;51;11.66666667;179.6666667
PP_2008;11.66666667;37.66666667;85.33333333;25.66666667
PP_2009;21;30;43.66666667;34
PP_2010;33.66666667;38.66666667;47;36.33333333
PP_2011;13.33333333;34.66666667;20.33333333;42.66666667
PP_2012;56.66666667;65.33333333;49;67.33333333
PP_2013;57.66666667;68.66666667;48;61.33333333
PP_2014;61.33333333;69;51.33333333;54.66666667
PP_2015;238;288.6666667;222.6666667;504.3333333
PP_2016;70;92.33333333;46.66666667;65.33333333
PP_2017;85.33333333;127;64.33333333;60.66666667
PP_2018;19.66666667;25;15.66666667;12.66666667
PP_2019;35.66666667;65;68.66666667;89.33333333
PP_2020;38;79.33333333;48;97.33333333
PP_2021;41.66666667;90;45.66666667;115
PP_2022;19;18.66666667;40.66666667;14.66666667
PP_2023;60.66666667;38.66666667;48.33333333;42.33333333
PP_2024;39;20;25;12
PP_2025;37.33333333;23.33333333;28.66666667;19
PP_2026;58.66666667;41.66666667;46;73.33333333
PP_2027;35.66666667;24.66666667;35;21.33333333
PP_2028;20;15.66666667;20.66666667;17.33333333
PP_2029;33.33333333;19.66666667;34.33333333;15
PP_2030;29.33333333;16;27.33333333;17.66666667
PP_2031;20.66666667;10.66666667;17;9.666666667
PP_2032;69;50;52;39.66666667
PP_2033;22.33333333;25.66666667;18.66666667;19
PP_2034;2;5.666666667;3.666666667;3.666666667
PP_2035;1;4;0.666666667;0
PP_2036;15;93.33333333;16.33333333;16.33333333
PP_2037;6.333333333;43.33333333;3.333333333;3
PP_2038;1;2.333333333;1.666666667;2.333333333
PP_2039;16.33333333;17.66666667;17;16.66666667
PP_2040;3.333333333;4.333333333;5;4.333333333
PP_2041;12.33333333;19.33333333;13.66666667;14
PP_2042;3;5.666666667;6;4.333333333
PP_2043;7.666666667;8;10;9.666666667
PP_2044;0.333333333;0.333333333;1.666666667;1
PP_2045;6;6.666666667;7.666666667;7
PP_2046;9.333333333;9;7;4.666666667
PP_2047;1;4;1.666666667;3
PP_2048;0;3;3;2.666666667
PP_2049;2.333333333;2.333333333;1.333333333;2.666666667
PP_2050;5;2.333333333;5;2.666666667
PP_2051;4.333333333;5.333333333;3.666666667;6.333333333
PP_2052;12.33333333;12;3.333333333;6
PP_2053;146.3333333;130.6666667;133.6666667;130
PP_2054;14;9;9.333333333;13
PP_2055;4;4.333333333;3.666666667;2.666666667
PP_2056;7;6;8.333333333;20.33333333
PP_2057;4;4.333333333;4;4.666666667
PP_2058;2.333333333;3.666666667;5.666666667;6.666666667
PP_2059;27.66666667;35.66666667;55.66666667;31.33333333
PP_2060;16.33333333;30;18.66666667;35
PP_2061;9.333333333;10.66666667;12;30.66666667
PP_2062;8.666666667;5.333333333;6;10.66666667
PP_2063;77.33333333;89.33333333;100;109.6666667
PP_2064;7.333333333;4;5.333333333;2.333333333
PP_2065;5.333333333;7.333333333;7.333333333;6.666666667
PP_2066;21;35.33333333;27;29.33333333
PP_2067;0.666666667;2;2.333333333;3.666666667
PP_2068;1;0.333333333;0.333333333;0
PP_2069;0.666666667;0;0;0
PP_2070;12.33333333;6.666666667;13.33333333;4.333333333
PP_2071;12.66666667;9.666666667;13;10.66666667
PP_2072;4.666666667;5;5;2.333333333
PP_2073;20.33333333;17.33333333;12.66666667;8
PP_2074;13.33333333;21.66666667;17.33333333;22.33333333
PP_2075;3.333333333;6.333333333;10.33333333;9
PP_2076;1.666666667;2.333333333;1.666666667;2.666666667
PP_2077;18;2;4;5.333333333
PP_2078;1.666666667;3;4;1.666666667
PP_2079;61;68.33333333;69;116
PP_2080;50.66666667;70;52.66666667;58
PP_2081;211;172.3333333;208.6666667;263.3333333
PP_2082;274;311.3333333;178;200.3333333
PP_2083;23.66666667;16.66666667;21.66666667;13.66666667
PP_2084;196.6666667;347.6666667;177;283.3333333
PP_2085;73.33333333;84;51.33333333;62.66666667
PP_2086;386.3333333;515.6666667;384.3333333;323.3333333
PP_2087;209;300;257.6666667;257
PP_2088;596;710;557.3333333;545
PP_2089;5140.333333;7812.666667;4192;3120.333333
PP_2090;1.666666667;5;3;6
PP_2091;6.333333333;5.333333333;8;3.333333333
PP_2092;3;2.333333333;2.333333333;1.666666667
PP_2093;0;1.333333333;0.333333333;2.333333333
PP_2094;2;1.333333333;2;3.333333333
PP_2095;89;79;61;66.33333333
PP_2096;30.66666667;49.33333333;26.33333333;46
PP_2097;18.33333333;69;28;75
PP_2098;93;69;76.33333333;87
PP_2099;891;831.3333333;900;1072
PP_2100;2.333333333;1.333333333;1.666666667;1.666666667
PP_2101;1.333333333;0.666666667;0.333333333;0.333333333
PP_2102;34.33333333;39;26.33333333;40
PP_2103;147;200.3333333;176;291.6666667
PP_2104;108;217;141.3333333;270.3333333
PP_2105;219.3333333;460;234.6666667;662.6666667
PP_2106;10.66666667;5.333333333;8.333333333;13.33333333
PP_2107;43.33333333;119.6666667;64.33333333;115.3333333
PP_2108;10.33333333;19.33333333;8.333333333;18
PP_2109;45.66666667;48.66666667;49;37.33333333
PP_2111;70;122.6666667;150.6666667;356.6666667
PP_2112;7.333333333;33.66666667;8.333333333;26.66666667
PP_2113;55.66666667;43;68.66666667;47.66666667
PP_2114;26.66666667;30;27;31.33333333
PP_2115;0;1;1.666666667;0.333333333
PP_2116;97;57.66666667;43.66666667;34
PP_2117;55.66666667;53;58.33333333;37
PP_2118;3132.666667;12493.66667;4626;8323.666667
PP_2119;17.33333333;19.66666667;19;15
PP_2120;7;4.333333333;3.666666667;4.333333333
PP_t47;192.6666667;370;355;188.3333333
PP_2121;3766.666667;4039.333333;6581;3544.333333
PP_2122;93.66666667;91.66666667;95;161.3333333
PP_2123;42.33333333;42.66666667;32;48.33333333
PP_2124;4.333333333;13.66666667;6;23.66666667
PP_2125;4.666666667;29;7;5.333333333
PP_2126;30;11.33333333;23;12.66666667
PP_2127;23.66666667;8;18.33333333;7
PP_2128;24.66666667;61.66666667;29.33333333;114
PP_2129;47.33333333;117;82.66666667;163.3333333
PP_2130;78;105;84.33333333;112
PP_2131;118;78.66666667;90;51.66666667
PP_2132;667;998;1329;1437
PP_2133;33;27.66666667;31.66666667;19.66666667
PP_2134;16;21;19.33333333;23.66666667
PP_2135;22;36;78.33333333;143.6666667
PP_2136;18;82;16.66666667;17.66666667
PP_2137;158;219.6666667;234;212
PP_2138;109.6666667;149.6666667;89.33333333;128.3333333
PP_2139;188.3333333;176.3333333;210.6666667;165
PP_2140;116;148;114;181.3333333
PP_2141;2207.666667;1708.666667;1726.333333;967.6666667
PP_2142;43;36;62.33333333;35.66666667
PP_2143;87;91;93;45
PP_2144;158;147.6666667;138;118
PP_2145;72;57;73.66666667;74.33333333
PP_2146;38;29;39;34.33333333
PP_2147;56.33333333;53.66666667;51;36.66666667
PP_2148;48;43;35;29.66666667
PP_2149;807.6666667;493.6666667;577.6666667;284
PP_2150;127;112;118.6666667;114.6666667
PP_2151;200.3333333;594;131;110
PP_2152;73.66666667;84.33333333;47;93.66666667
PP_2153;72.66666667;99.33333333;63.66666667;112
PP_2154;72;61;44.33333333;28.66666667
PP_2155;63;46;56.33333333;32.66666667
PP_2156;59;37.33333333;53;30
PP_2157;25.66666667;24.66666667;28.33333333;28.66666667
PP_2158;11.33333333;12;6.666666667;10.66666667
PP_2159;31.33333333;38.66666667;29;23
PP_2160;32.66666667;30.66666667;22;21.33333333
PP_2161;2176.333333;3616.666667;3542.333333;3040
PP_2162;2.333333333;5.666666667;4.333333333;5.666666667
PP_2163;185;286;194.6666667;314.3333333
PP_2164;81.66666667;111.3333333;112;195.6666667
PP_2165;360;405.3333333;367;479
PP_2166;242.6666667;344.3333333;262;337
PP_2167;9.333333333;5.666666667;6;3.666666667
PP_2168;107.6666667;183;88.66666667;92.66666667
PP_2169;49.66666667;54.66666667;53.66666667;60.66666667
PP_2170;219.6666667;112.3333333;202.3333333;60.33333333
PP_2171;21;29.66666667;23.66666667;21.66666667
PP_2172;53;191.6666667;36.33333333;18
PP_2173;23.33333333;34.66666667;28.66666667;28.66666667
PP_2174;64;71.33333333;77;97.66666667
PP_2175;21;24.66666667;32;55
PP_2176;6.666666667;8;5;7
PP_2177;3.333333333;74.33333333;2;2
PP_2178;2.666666667;3;2.666666667;3
PP_2179;3.666666667;4;2;0.666666667
PP_2180;6.666666667;6.666666667;5.666666667;6
PP_2181;127.6666667;104.3333333;156;136.6666667
PP_2182;392.6666667;381.3333333;330.6666667;238.6666667
PP_2183;6.666666667;3.666666667;6;16.66666667
PP_2184;12;15.66666667;10.66666667;19.66666667
PP_2185;6;9.333333333;6.666666667;13
PP_2186;5.333333333;12.33333333;12.66666667;38.66666667
PP_2187;26.66666667;125;64.33333333;155
PP_2188;85;39;59.66666667;33.66666667
PP_2189;206;533;751.6666667;1059.333333
PP_2190;174.3333333;217.6666667;143.6666667;199
PP_2191;20;42.66666667;29;44.66666667
PP_2192;9.666666667;10;10.33333333;7.666666667
PP_2193;10;9;11;6.333333333
PP_2194;13;13.33333333;7.333333333;8.333333333
PP_2195;4.333333333;36.66666667;7.333333333;19
PP_2196;7.333333333;26;11.66666667;19.33333333
PP_2197;16.33333333;67;11.66666667;26.33333333
PP_2198;8.333333333;30.33333333;7.666666667;9.666666667
PP_2199;17.33333333;25.33333333;16.66666667;22.33333333
PP_2200;11.33333333;20.33333333;9;41.33333333
PP_2201;20.66666667;34;28.66666667;21
PP_2202;14.33333333;23;31.33333333;41
PP_2203;78.33333333;97.66666667;120.3333333;168.6666667
PP_2204;20;25;25.33333333;35.66666667
PP_2205;4.666666667;6.333333333;3.666666667;3.333333333
PP_2206;3;2;4;1
PP_2207;18;24;25.33333333;16
PP_2208;3;1.333333333;2;1.333333333
PP_2209;2;0.666666667;1;0.666666667
PP_2210;16.33333333;16.33333333;20;18
PP_2211;15;15.66666667;11.66666667;16
PP_2212;11.66666667;12;11.33333333;11.66666667
PP_2213;12;16.66666667;16;16
PP_2214;9.333333333;14;15;9.666666667
PP_2215;9.333333333;8;6.666666667;5.666666667
PP_2216;20.33333333;25;30.66666667;24.66666667
PP_2217;67.66666667;95.33333333;63;49.33333333
PP_2218;29.33333333;31.66666667;24.66666667;32
PP_2219;159.3333333;37;185.6666667;40
PP_2220;969;202.3333333;1007.333333;289
PP_2221;15;17;13.66666667;4
PP_2222;3;9.666666667;25.33333333;1.333333333
PP_2223;299.6666667;219;328;331
PP_2224;140;94.33333333;95.66666667;59.33333333
PP_2225;27.66666667;41.33333333;43.33333333;41.33333333
PP_2226;21;27;20.33333333;12.66666667
PP_2227;31.66666667;46;46.66666667;29.33333333
PP_2228;20.33333333;24;25.33333333;22.33333333
PP_2229;22.66666667;31.66666667;40.66666667;29.66666667
PP_2230;37.33333333;45.33333333;42.66666667;32.66666667
PP_2231;13;20.66666667;17.66666667;7.666666667
PP_2232;87.33333333;150.6666667;111;75
PP_2233;16;52;48.66666667;40.66666667
PP_2234;22.33333333;42;27;43
PP_2235;37;54.33333333;38.66666667;47
PP_2236;1.333333333;2.666666667;3.333333333;6.333333333
PP_2237;2.333333333;6.666666667;4.666666667;12.66666667
PP_2238;27.66666667;56;40;45.66666667
PP_2239;8.666666667;5.666666667;8.666666667;5.333333333
PP_16SF;644757.6667;482451.6667;642601;456407.3333
PP_t48;23125.33333;11670;11666;3673.666667
PP_t49;10376;3976.333333;5426;1491.666667
PP_23SF;538430;522579;490883.3333;329940.3333
PP_5SF;472570.6667;391498;478839.6667;243785.6667
PP_2240;16.33333333;15.66666667;17;11.66666667
PP_2241;9.333333333;43.33333333;24;73.33333333
PP_2242;1.333333333;4.333333333;3.666666667;5.333333333
PP_2243;23.33333333;16.66666667;27.66666667;25
PP_2244;143;97.33333333;155.6666667;108.6666667
PP_2245;52.33333333;35.33333333;45.33333333;38
PP_2246;5.333333333;9.333333333;8;15.33333333
PP_2247;1.333333333;16;10.66666667;54.66666667
PP_2248;7.666666667;11;12.66666667;17.66666667
PP_2249;29.33333333;53.66666667;49.66666667;112.6666667
PP_2250;7.666666667;8.333333333;7.666666667;5.333333333
PP_2251;3.666666667;20.66666667;9.333333333;20
PP_2252;1;3.333333333;3;8.333333333
PP_2253;9;7;6.666666667;7
PP_2254;18;13;16;13.33333333
PP_2255;21.66666667;27;20;11.66666667
PP_2256;195;237;281.6666667;171
PP_2257;25.33333333;8.333333333;6.333333333;34
PP_2258;25.33333333;10;17;23
PP_2259;6.333333333;11.33333333;15.33333333;45.33333333
PP_2260;1;2;3.333333333;37
PP_2261;4;4.333333333;4.666666667;34
PP_2262;0.666666667;3;4;24.66666667
PP_2263;11.66666667;13.66666667;14.33333333;49
PP_2264;8.333333333;18.33333333;12.66666667;75.66666667
PP_2265;241.3333333;129.3333333;161.3333333;92
PP_t50;15270.66667;14378.66667;8273;3097.666667
PP_t51;3741.333333;3629;1738;632.6666667
PP_t52;2618;1985.666667;1382;488.6666667
PP_2266;0.666666667;2;0.666666667;1.333333333
PP_2267;0;2.333333333;1.333333333;3.333333333
PP_2268;1;2.333333333;0;0.333333333
PP_2269;0.333333333;0;1;0
PP_2270;0.333333333;0.666666667;0.333333333;0.333333333
PP_2271;8.333333333;9;6.666666667;11.33333333
PP_2272;1.333333333;0;0;0.666666667
PP_2273;0;0;0;0
PP_2274;4.333333333;4.333333333;10.66666667;11.66666667
PP_2275;888.6666667;465.3333333;715.3333333;587.6666667
PP_2276;18.33333333;11;9.333333333;15
PP_2277;127.6666667;116;154.6666667;104.3333333
PP_2278;4.666666667;5;4.333333333;9
PP_2279;0.333333333;0.666666667;1;0.666666667
PP_2280;3;0.666666667;0;2.333333333
PP_2281;0;1;0.333333333;1
PP_2282;6;5.666666667;10.33333333;11.66666667
PP_2283;0;0.333333333;0;0
PP_2284;1.333333333;3;3.333333333;3.666666667
PP_2285;2.333333333;1.333333333;6.333333333;1.333333333
PP_2286;0.333333333;0.333333333;0;0.666666667
PP_2287;1;1.666666667;1.333333333;2.333333333
PP_2288;1.666666667;0.666666667;1;0.666666667
PP_2289;5;3.333333333;6.666666667;6.666666667
PP_2290;3.666666667;1;3.333333333;6.333333333
PP_2291;2.666666667;0.666666667;0;1
PP_2292;265;1162.666667;606.6666667;2576
PP_2293;2;4.333333333;4;5.333333333
PP_2294;2368;2179;2262.333333;1818.333333
PP_2295;10.66666667;14;14.33333333;17.33333333
PP_2296;174;163.6666667;173.3333333;205.3333333
PP_2297;11.66666667;19.33333333;9;12.66666667
PP_t53;1465.666667;1295.666667;363.6666667;101.6666667
PP_2298;560.3333333;194.3333333;288.6666667;159
PP_2299;790.6666667;597.3333333;514;363
PP_2300;642.3333333;702.6666667;642;1349
PP_2301;1453.666667;1652.333333;1659.333333;1633
PP_2302;520.6666667;512.6666667;454;392.3333333
PP_2303;28871;19667;20700.66667;8302.666667
PP_2304;239;152.6666667;223.6666667;86.33333333
PP_2305;29.66666667;82;47;100.6666667
PP_2306;39.66666667;187.6666667;100.3333333;285
PP_2307;26.66666667;104.3333333;51.33333333;154.3333333
PP_2308;30.33333333;81;89.66666667;126
PP_2309;8;31.33333333;16.66666667;45.66666667
PP_2310;22.66666667;14;20.33333333;25.33333333
PP_2311;39;21;21;22.66666667
PP_2312;52.66666667;70;63.66666667;74.66666667
PP_2313;20.33333333;23;24;36
PP_2314;188.3333333;222.3333333;124;165
PP_2315;186;219;143.3333333;175.6666667
PP_2316;32.33333333;43.66666667;31.66666667;18
PP_2317;31.33333333;59.66666667;26.33333333;17.33333333
PP_2318;38.33333333;57.66666667;43.66666667;66
PP_2319;18.66666667;19.66666667;19.66666667;13.33333333
PP_2320;324.3333333;400;375.3333333;308.6666667
PP_2321;184.6666667;29.66666667;54;23
PP_2322;127831.6667;76648;88125.66667;41978.66667
PP_2323;760.6666667;1017;1196.333333;1487.333333
PP_2324;520;439.6666667;541.3333333;427
PP_2325;17.66666667;24;12.66666667;23.33333333
PP_2326;29.33333333;165;74.66666667;344.3333333
PP_2327;79.33333333;117.3333333;88;107
PP_2328;134.3333333;123.6666667;101.3333333;89.33333333
PP_2329;18.33333333;10;10.66666667;6.666666667
PP_2330;143.3333333;115.6666667;156.6666667;111.3333333
PP_2331;138.3333333;125.6666667;145.3333333;105.6666667
PP_2332;110.3333333;101;109.6666667;121.6666667
PP_2333;25;34.33333333;18.66666667;26
PP_2334;37.33333333;56;21.66666667;13.33333333
PP_2335;38;47.33333333;22.33333333;16.33333333
PP_2336;25.66666667;26.66666667;16.33333333;17
PP_2337;29;45.66666667;51.66666667;81.66666667
PP_2338;14.66666667;56.33333333;20.66666667;71.66666667
PP_2339;658;926.3333333;436;283.3333333
PP_2340;107.3333333;72.66666667;82.33333333;58.33333333
PP_2341;83.33333333;80;104.6666667;172.3333333
PP_2342;70.66666667;69.66666667;69.33333333;78.33333333
PP_2343;450.3333333;583.6666667;669.3333333;941.6666667
PP_2344;11;7.333333333;6;12
PP_2345;108.3333333;384.6666667;126.6666667;382.3333333
PP_2346;64.33333333;162.6666667;65.66666667;137.6666667
PP_2347;39;66.33333333;46.33333333;70
PP_2348;18;16.66666667;22.33333333;17.33333333
PP_2349;3.333333333;2.666666667;4.333333333;3.666666667
PP_2350;2.666666667;6.333333333;3;5
PP_2351;7.333333333;15.66666667;21.66666667;77.66666667
PP_2352;72.33333333;166.6666667;118.3333333;129
PP_2353;10.33333333;14.66666667;24.33333333;19.33333333
PP_t54;3829;2721;1834.333333;720.6666667
PP_2354;41;52.66666667;29.66666667;54
PP_2355;47.33333333;58.66666667;21.33333333;34.66666667
PP_2356;59;80.33333333;55;62.66666667
PP_2357;49.66666667;373.6666667;159.6666667;378.6666667
PP_2358;16;107.3333333;50.33333333;177.6666667
PP_2359;28;220;96;304.3333333
PP_2360;13.66666667;151.6666667;57.66666667;170.6666667
PP_2361;7.666666667;75.33333333;27;91.66666667
PP_2362;9;51.66666667;34.33333333;93.33333333
PP_2363;3.666666667;29;13;48.33333333
PP_2364;63.33333333;57;48;50
PP_2365;8.666666667;20;10.33333333;26.66666667
PP_2366;1.666666667;2.666666667;0.666666667;0.333333333
PP_2367;1.333333333;1.333333333;1.333333333;0.666666667
PP_2368;7.666666667;8.333333333;7;5.666666667
PP_2369;1.333333333;3.666666667;3;4.333333333
PP_2370;358;261.3333333;313.6666667;434.6666667
PP_2371;445;296;259.3333333;268.3333333
PP_2372;56.33333333;60;49;43.66666667
PP_2373;560;1828.333333;1908.666667;7533.333333
PP_2374;62;110.3333333;100;302
PP_2375;110.3333333;59.66666667;65.33333333;55.66666667
PP_2376;36;33;35.33333333;28.33333333
PP_2377;13.66666667;19.33333333;13.33333333;14.33333333
PP_2378;707.6666667;704;550;899.3333333
PP_2379;100;87.66666667;57.33333333;39
PP_2380;189.6666667;156.3333333;133.3333333;93.66666667
PP_2381;41;197;127.3333333;472
PP_2382;8.333333333;17.33333333;13;28.66666667
PP_2383;6.666666667;15.33333333;14.33333333;16.66666667
PP_2384;6.666666667;2.333333333;11.66666667;3
PP_2385;4.666666667;4.666666667;7;4
PP_2386;83.33333333;84.66666667;74.66666667;150
PP_2387;201.6666667;210.3333333;214.3333333;322.3333333
PP_2388;264.3333333;301.6666667;276.3333333;317.3333333
PP_2389;589;721;677.6666667;1036.333333
PP_2390;50;69.33333333;52.33333333;74
PP_2392;11.66666667;13.66666667;17;23.66666667
PP_2393;42;55;66.33333333;57
PP_2394;6.333333333;8.333333333;7;9.333333333
PP_2395;3;6;6;6.666666667
PP_2396;79.33333333;330;108.3333333;181.3333333
PP_2397;9.333333333;21.66666667;14.33333333;24
PP_2398;6.666666667;12;14.33333333;13.66666667
PP_2399;4.666666667;7;7.666666667;8
PP_2400;5.666666667;12;11.33333333;11
PP_2401;0;1.333333333;0;0.333333333
PP_2402;6.666666667;9.666666667;5.666666667;6.666666667
PP_2403;12.33333333;21;9;8
PP_2404;4;4.333333333;1.666666667;10.66666667
PP_2405;4.333333333;20.33333333;12.33333333;34.33333333
PP_2406;1.666666667;0.333333333;24.33333333;2.333333333
PP_2407;3;2.333333333;28.66666667;2.333333333
PP_2408;0;0.666666667;0.333333333;0
PP_2409;0.666666667;1;0.666666667;0.333333333
PP_2410;1.666666667;5;4.666666667;4
PP_2411;2;3;1;3
PP_2412;27;23.33333333;23.66666667;16.66666667
PP_2413;34.33333333;20;23;12.66666667
PP_2414;42.33333333;23;29.33333333;18.33333333
PP_2415;55.33333333;49;48.33333333;59.66666667
PP_2416;4.333333333;1.666666667;1;1.333333333
PP_2417;30;19;30;11.66666667
PP_2418;14.33333333;10.33333333;7.333333333;2.333333333
PP_2419;2.666666667;3.666666667;2.666666667;2
PP_2420;1.333333333;0;1;0.333333333
PP_2421;28;43;37;47.33333333
PP_2422;180.6666667;1318.333333;1593.333333;2143.666667
PP_2423;320.6666667;216.3333333;290.3333333;179.6666667
PP_2424;51.33333333;60.66666667;51.33333333;39.33333333
PP_2425;16.33333333;12.66666667;85.66666667;20.33333333
PP_2426;10.66666667;5.666666667;53;4.333333333
PP_2427;0.666666667;1.666666667;1;0.666666667
PP_2428;28;22.66666667;20.66666667;12
PP_2429;6;2.333333333;1.333333333;3.666666667
PP_2430;7;10.33333333;9.666666667;15.66666667
PP_2431;9;11.33333333;6.666666667;9
PP_2432;52.66666667;81.33333333;43;39.33333333
PP_2433;40.66666667;61;39.66666667;48.33333333
PP_2434;14.66666667;19;11;12
PP_2435;3.666666667;3.333333333;6;9
PP_2436;15.66666667;15.66666667;15;19.33333333
PP_2437;14.33333333;27;18.33333333;36
PP_2438;11.33333333;82.66666667;18;41.33333333
PP_2439;176;164.3333333;187.3333333;84
PP_2440;14;11;17;8
PP_2441;5.333333333;19.66666667;16;67.66666667
PP_2442;128;154.3333333;133.6666667;216.6666667
PP_2443;52.33333333;40.33333333;60.33333333;44.66666667
PP_2444;20.33333333;25.66666667;29.66666667;25.66666667
PP_2445;24.33333333;28.66666667;30.33333333;29.33333333
PP_2446;224;577;303.3333333;423.3333333
PP_2447;55.66666667;56.66666667;72.66666667;128.3333333
PP_2448;9.666666667;16;16.33333333;20
PP_t55;2982.333333;1213.333333;4103;814.3333333
PP_t56;3359.666667;1373.333333;4777;923.6666667
PP_2449;90.66666667;122.6666667;84.66666667;91.66666667
PP_2450;49.66666667;137.6666667;58.33333333;175
PP_2451;25;20.66666667;15.66666667;8
PP_2452;30.66666667;32.33333333;31.33333333;26.66666667
PP_2453;66.33333333;281.6666667;62.33333333;42
PP_2454;41.66666667;38.33333333;39;47.66666667
PP_2455;17.66666667;13;26.33333333;30
PP_2456;43.33333333;22;53.33333333;36
PP_2457;28.33333333;16.33333333;34.66666667;42
PP_2458;20.66666667;19.66666667;29.66666667;49.33333333
PP_2459;9.333333333;22.66666667;20.66666667;28.66666667
PP_2460;19.66666667;18.66666667;20.33333333;21.33333333
PP_2461;70.66666667;81.66666667;67.33333333;96
PP_2462;273;600.3333333;235;102.6666667
PP_2463;37380;18195.33333;29924;12252.66667
PP_2464;9.666666667;9;3.666666667;3.333333333
PP_2465;854;1005.333333;1015.666667;928
PP_2466;4986;3733.666667;4270;4699.666667
PP_2467;12256;7478.333333;13134.66667;15457
PP_2468;4876.666667;3759;4035.333333;3216.333333
PP_2469;155.3333333;87.33333333;67;70
PP_2470;197.3333333;213;162.6666667;148.6666667
PP_2471;3251.333333;4498.333333;4239.333333;5132
PP_2472;760;1244.666667;896;755
PP_t57;17576.33333;8327.666667;12505.66667;1850
PP_2473;28.33333333;27;36.66666667;40
PP_2474;255;109.3333333;116;64.33333333
PP_2475;487.6666667;722.6666667;609;366.3333333
PP_2476;16.66666667;13.33333333;14;6.333333333
PP_2477;8.666666667;2.666666667;9;0.333333333
PP_2478;5.666666667;3.666666667;3.333333333;2.333333333
PP_2479;4.333333333;3;4.333333333;4.333333333
PP_2480;3.333333333;3.333333333;3.666666667;4
PP_2481;11;12;6.666666667;13.66666667
PP_2482;4.666666667;4.666666667;2.333333333;4
PP_2483;22.33333333;18;19;34.33333333
PP_2484;118;97.33333333;141;115
PP_2485;11.66666667;14.33333333;9.333333333;11
PP_2486;36;26;25;17
PP_2487;28.33333333;23.33333333;18;22.66666667
PP_2488;53;80;49.66666667;68.33333333
PP_2489;8;15;8.666666667;23.33333333
PP_2490;6;7.666666667;5;7
PP_2491;22.66666667;12.33333333;17;5
PP_2492;24.66666667;21;22.33333333;10.66666667
PP_2493;2;7;1.666666667;5
PP_2494;1;0.333333333;0.333333333;0.333333333
PP_2495;0;0;1;0.333333333
PP_2496;0;0.333333333;0;0
PP_2497;0;0.666666667;1.333333333;2
PP_2498;36.33333333;89.66666667;43.66666667;120.3333333
PP_2499;658;923.6666667;606;445.6666667
PP_2500;158.6666667;244.3333333;125;131.6666667
PP_2501;47.66666667;67;40.66666667;73.33333333
PP_2502;10;10;17.66666667;11
PP_2503;1;0;1;1
PP_2504;26.33333333;46.33333333;33.66666667;86
PP_2505;28.66666667;106.6666667;37.33333333;82
PP_2506;7.666666667;7.666666667;8;8.666666667
PP_2507;9;16.33333333;8.666666667;10.66666667
PP_2508;0;4.333333333;1.333333333;4
PP_2509;6.333333333;13.33333333;20;22.66666667
PP_2510;395.3333333;300;321.6666667;98.33333333
PP_2511;3.666666667;29;10.33333333;18.33333333
PP_2512;16.33333333;37.66666667;15.66666667;37
PP_2513;1.666666667;3.333333333;1.333333333;3
PP_2514;3.666666667;2.333333333;2;2.333333333
PP_2515;4.333333333;4;3.666666667;6
PP_2516;9;9;10.66666667;11
PP_2517;2;1.333333333;2.333333333;1.666666667
PP_2518;1;2.666666667;1;2
PP_2520;0;0.333333333;2;0.333333333
PP_2522;22.66666667;29.66666667;25.66666667;32.33333333
PP_2524;16.33333333;25.33333333;16;27
PP_2525;25.66666667;37;29;44
PP_2526;39.66666667;135;76.33333333;204.6666667
PP_2527;33.66666667;22.33333333;22.33333333;21.33333333
PP_2528;81.66666667;71.66666667;52.33333333;61.33333333
PP_2529;11;8.666666667;19.66666667;20.66666667
PP_2530;2.333333333;1.333333333;2;1.666666667
PP_2531;15.66666667;25;19;32
PP_2532;41;47.33333333;29;40.66666667
PP_2533;16.33333333;16.33333333;11;13
PP_2534;24.33333333;24.66666667;25.66666667;21.33333333
PP_2535;2.333333333;3;1.333333333;4.666666667
PP_2536;137.6666667;213.3333333;147.3333333;190.6666667
PP_2537;85;107.3333333;99.66666667;133
PP_2538;106.3333333;135.6666667;162;144.6666667
PP_2539;17;15;17;13.33333333
PP_2540;17;21;16;19.33333333
PP_2541;16.33333333;18;10.66666667;25.66666667
PP_2542;30.33333333;21;24.33333333;18.33333333
PP_2543;10.33333333;9;8;7.666666667
PP_2544;3.666666667;3.333333333;5;6.333333333
PP_2545;24.33333333;43;33.33333333;40.66666667
PP_2546;4;8.666666667;5;6
PP_2547;12.66666667;11.33333333;11.33333333;8.333333333
PP_2548;1;0.666666667;3;2.333333333
PP_2549;2;2;2;2
PP_2550;691.3333333;461.3333333;604.3333333;627.6666667
PP_2551;11;8.666666667;6.666666667;10.33333333
PP_2552;5.666666667;14.66666667;8.333333333;14.66666667
PP_2553;9.666666667;7.666666667;112.6666667;25.33333333
PP_2554;16;27;44.66666667;30.33333333
PP_2555;9;11.33333333;8.666666667;25.66666667
PP_2556;15.33333333;13.33333333;12;11.33333333
PP_2557;59.33333333;75;53;54
PP_2558;2;3.666666667;2.666666667;28.33333333
PP_2559;2.333333333;7;4.333333333;13
PP_2560;2.666666667;10.33333333;2.666666667;24
PP_2561;1.666666667;2.666666667;3;3.333333333
PP_2562;64.66666667;15.66666667;43;10.66666667
PP_2563;8;41.66666667;24.33333333;76.66666667
PP_2564;12;14.33333333;9.666666667;11
PP_2565;14.33333333;10.33333333;11;9.666666667
PP_2566;2.333333333;3;2.666666667;4
PP_2567;11;15.66666667;15.66666667;20
PP_2568;22.33333333;48.66666667;20.33333333;33
PP_2569;6.666666667;30.66666667;10;78
PP_2570;25;49.66666667;27.66666667;40
PP_2571;3.666666667;22.33333333;10.33333333;25.66666667
PP_2572;11.33333333;60;23.66666667;97.66666667
PP_2573;7;45;15.33333333;61
PP_2574;41.66666667;54.33333333;46.66666667;49
PP_2575;13.66666667;58;27.33333333;73.66666667
PP_2577;6;26.33333333;13.33333333;50
PP_2578;5;46.33333333;19;66.33333333
PP_2579;7.666666667;9.666666667;14;10.66666667
PP_2580;203.6666667;241;195.3333333;149.6666667
PP_2581;64.33333333;356.3333333;55;36.66666667
PP_2582;44.33333333;63.33333333;53.33333333;65.33333333
PP_2583;75.33333333;76;65;122.6666667
PP_2584;13.66666667;26.33333333;13.33333333;23.33333333
PP_2585;1.666666667;1;0.666666667;0.666666667
PP_2586;0.333333333;0.333333333;1.666666667;0.666666667
PP_2587;3;6;6.333333333;8.666666667
PP_2588;3.666666667;6.666666667;5.666666667;9.666666667
PP_2589;1.333333333;2.666666667;3.333333333;3.666666667
PP_2590;4;4.333333333;4.666666667;6.333333333
PP_2591;1.666666667;1.333333333;2;1
PP_2592;0.666666667;0.333333333;2;0
PP_2593;1.666666667;0;0.666666667;0.666666667
PP_2594;1;2;2.333333333;0.666666667
PP_2595;16;34;24;34
PP_2596;2.333333333;1.333333333;2.333333333;1.333333333
PP_2597;21.33333333;48;28.33333333;49
PP_2598;3.666666667;35.66666667;28.33333333;42
PP_2599;2.666666667;6;4.666666667;5.333333333
PP_2600;4.666666667;9;23.33333333;10.66666667
PP_2601;22.33333333;18.66666667;59.66666667;16.66666667
PP_2602;3;4.333333333;21.33333333;7.666666667
PP_2603;0.333333333;1.333333333;10.66666667;3
PP_2604;25.33333333;20.66666667;237.6666667;16
PP_2605;1;2;2;1
PP_2606;0.666666667;3.333333333;6;4
PP_2607;2;1.333333333;2;1.333333333
PP_2608;2;3;3;3.666666667
PP_2609;16.33333333;30.66666667;26.66666667;22.66666667
PP_2610;1.666666667;6.666666667;3;5
PP_2611;2;2.666666667;2.333333333;5
PP_2612;1;1.333333333;1;1.666666667
PP_2613;1.333333333;1;1;1
PP_2614;1;0.666666667;0.666666667;0.666666667
PP_2615;7.666666667;5.666666667;5.333333333;4.666666667
PP_2616;1.333333333;0.666666667;0.666666667;0.666666667
PP_2617;1;2.333333333;1.666666667;3.333333333
PP_2618;0.333333333;0.666666667;0;0.666666667
PP_2619;0.333333333;0;0.333333333;0
PP_2620;0;0.666666667;1.666666667;0
PP_2621;0;0.666666667;0.333333333;0.333333333
PP_2622;0.333333333;0;0;0.333333333
PP_2623;0.333333333;3.333333333;0.666666667;1.333333333
PP_2624;0.666666667;2.333333333;0.666666667;0.333333333
PP_2625;1.333333333;1.666666667;3.666666667;3.333333333
PP_2626;3;3.666666667;3.333333333;2.333333333
PP_2627;16.66666667;20.66666667;18;14.33333333
PP_2628;111;339.6666667;68.33333333;34.66666667
PP_2629;107;199;81.33333333;30.66666667
PP_2630;31.66666667;24.66666667;18;4.666666667
PP_2631;1.333333333;5;1.666666667;2
PP_2632;3.666666667;1.333333333;2.333333333;0.666666667
PP_2633;6.333333333;2.333333333;5.333333333;2.333333333
PP_2634;2.333333333;0.666666667;1.333333333;0.333333333
PP_2635;6.666666667;4.333333333;6.333333333;3.666666667
PP_2636;6.333333333;4.333333333;5;2.333333333
PP_2637;5.666666667;3;3;1
PP_2638;5;3.666666667;4.333333333;2.666666667
PP_2639;9.333333333;14.33333333;23;13.33333333
PP_2640;8.666666667;12.66666667;9.333333333;14
PP_2641;6.666666667;12;10.66666667;19.66666667
PP_2642;17;21;24;24.66666667
PP_2643;3.666666667;2.666666667;118;6.666666667
PP_2644;279.6666667;193.3333333;288.6666667;97
PP_2645;2.666666667;5;5.666666667;3
PP_2646;3.333333333;11;7.666666667;11
PP_2647;6;3.666666667;9;2.333333333
PP_2648;1;1.666666667;5.333333333;3.333333333
PP_2649;4;3.666666667;2;1.333333333
PP_2650;7;6.666666667;4.666666667;4.666666667
PP_2651;2;1.333333333;1;0.666666667
PP_2652;20.66666667;45;70.66666667;24.33333333
PP_2653;7.333333333;12;8.666666667;9.333333333
PP_2654;0.333333333;1.666666667;0.666666667;1
PP_2655;46;173;89.66666667;117.3333333
PP_2656;10.33333333;8;4.333333333;3.333333333
PP_2657;9;4.333333333;3.666666667;3
PP_2658;12;5.333333333;6.666666667;4.333333333
PP_2659;20.33333333;25.33333333;22;13.66666667
PP_2660;47.33333333;97;40.33333333;80.66666667
PP_2661;12.33333333;14.33333333;14.66666667;11.33333333
PP_2662;1.333333333;13.66666667;68;4.666666667
PP_2663;1.333333333;4.333333333;187.6666667;2.666666667
PP_2664;1.666666667;3.333333333;47;2
PP_2665;17.66666667;25.33333333;226.6666667;72.33333333
PP_2666;7.333333333;12.33333333;144.6666667;30.33333333
PP_2667;2.666666667;6.333333333;91;5
PP_2668;1;5.333333333;77.66666667;2.666666667
PP_2669;3.333333333;4.333333333;104;1
PP_2670;0;0.333333333;1.333333333;1
PP_2671;2.333333333;5.333333333;118.3333333;7.333333333
PP_2672;2;9.333333333;109.3333333;6.666666667
PP_2673;2;4;83;1.333333333
PP_2674;12.33333333;23;427.6666667;3
PP_2675;2;19;733;5
PP_2676;1;11.66666667;383.3333333;3.666666667
PP_2677;1;6;154.3333333;2
PP_2678;0;3.333333333;126.6666667;1
PP_2679;11;13;67.33333333;10
PP_2680;6.333333333;26.66666667;366;7.666666667
PP_2681;1.333333333;8;261.6666667;8.333333333
PP_2682;30;22.66666667;73.33333333;63
PP_2683;9.333333333;7;23.66666667;39.33333333
PP_2684;7;9.333333333;12;14.66666667
PP_2685;4.333333333;5.333333333;6.333333333;12.33333333
PP_2686;2.333333333;2.666666667;2;7
PP_2687;0.666666667;0.666666667;1;3.666666667
PP_2688;0;0.666666667;1.666666667;3.333333333
PP_2689;19.66666667;35.33333333;34.66666667;51
PP_2690;5.666666667;5.666666667;3.333333333;6.666666667
PP_2691;3.333333333;10.33333333;10.33333333;9.666666667
PP_2692;3.666666667;4.666666667;4.333333333;5.333333333
PP_2693;3.666666667;4.666666667;2.333333333;2.333333333
PP_2694;1;3.333333333;1.333333333;1.333333333
PP_2695;1.333333333;6;2.666666667;4.666666667
PP_2696;3.666666667;3;2.666666667;2.666666667
PP_2697;6;1.666666667;2.333333333;1.666666667
PP_2698;18;8.666666667;6;9.666666667
PP_2699;27.66666667;7;19.33333333;16.33333333
PP_2700;19;19.66666667;16.33333333;19.33333333
PP_2701;31;32;30.33333333;34
PP_2702;3.666666667;4.333333333;3;2.333333333
PP_2703;2;3.666666667;3.333333333;6
PP_2704;2.666666667;3.666666667;3;2.333333333
PP_2705;51.66666667;226.3333333;163.6666667;296
PP_2706;5.333333333;52.33333333;16.66666667;20.66666667
PP_2707;0;3.333333333;1.666666667;3
PP_2708;10.66666667;5.333333333;15.33333333;13.66666667
PP_2709;5;7.666666667;7.333333333;9.666666667
PP_2710;2.333333333;2;2;3.333333333
PP_2711;3;2.666666667;3.333333333;2.333333333
PP_2712;31;62;40.66666667;73.33333333
PP_2713;17;42.66666667;23;58.33333333
PP_2714;17.33333333;39;30;62
PP_2715;3.666666667;3.666666667;0;1
PP_2716;9.333333333;12;5;3.666666667
PP_2717;7.666666667;10.33333333;10;9.333333333
PP_2718;7.333333333;10.66666667;4.333333333;9.333333333
PP_2719;4;1.333333333;6.333333333;2.666666667
PP_2720;53.66666667;207;103;513.6666667
PP_2721;10;4.333333333;2;5.333333333
PP_2722;14.66666667;42.66666667;24;56
PP_2723;1.666666667;2.666666667;5;2.666666667
PP_2724;3;4.333333333;3.333333333;5.333333333
PP_2725;17;17.66666667;24.33333333;16
PP_2726;1.666666667;1.666666667;2.333333333;1.333333333
PP_2727;2.333333333;2.666666667;5;7.666666667
PP_2728;2.333333333;3.666666667;3.333333333;3
PP_2729;6;9;2.666666667;7.666666667
PP_2730;6;8.333333333;5.666666667;7
PP_2731;3;3;3;3.666666667
PP_2732;5;9.333333333;6;15
PP_2733;0.333333333;0.333333333;0.333333333;0.333333333
PP_2734;1.666666667;1.666666667;1;1.666666667
PP_2735;1;1.333333333;0.333333333;1
PP_2736;2.666666667;2.333333333;1;1.666666667
PP_2737;2.333333333;1.333333333;1;1.333333333
PP_2738;16.66666667;28.66666667;14.33333333;32
PP_2739;164.3333333;167.3333333;174.3333333;183.6666667
PP_2740;107.3333333;79.33333333;85.66666667;63.33333333
PP_2741;4.666666667;26.66666667;10;26.33333333
PP_2742;12.66666667;19;17.66666667;20
PP_2743;4.333333333;8;8.333333333;19.66666667
PP_2744;4;9.666666667;10;17
PP_2745;1;1.333333333;2.666666667;1.666666667
PP_2746;1;1.666666667;1;1.333333333
PP_2747;0.666666667;0.666666667;0.666666667;0
PP_2748;0.333333333;0.333333333;0;1.666666667
PP_2749;2.666666667;0.666666667;0.333333333;0.666666667
PP_2750;0.333333333;0;0;0.333333333
PP_2751;0.333333333;0.666666667;0.333333333;0
PP_2752;0;0.666666667;0;0.333333333
PP_2753;1.333333333;2.333333333;0.666666667;3.333333333
PP_2754;2.666666667;1.666666667;2;3.666666667
PP_2755;0.666666667;0.333333333;0.666666667;1
PP_2756;1;0;0;0
PP_2757;0.333333333;0.333333333;1.333333333;0.333333333
PP_2758;0.666666667;1.333333333;3;1.333333333
PP_2759;0.333333333;3;2.666666667;3.333333333
PP_2760;0.333333333;1;0.666666667;1
PP_2761;0.666666667;4;1.666666667;2.666666667
PP_2762;0.333333333;0;0;0.333333333
PP_2763;0.666666667;0.666666667;0;0
PP_2764;0;0.333333333;0.333333333;0
PP_2765;0.333333333;0.333333333;0;0.333333333
PP_2766;5;5.666666667;10;3
PP_2767;1;0.333333333;0;0.333333333
PP_2768;70.33333333;53.33333333;89.33333333;47.66666667
PP_2769;14.66666667;35.66666667;33;61
PP_2770;2;2.666666667;1.666666667;3.333333333
PP_2771;3.666666667;2.666666667;3.333333333;3
PP_2772;1.333333333;8;1;0.666666667
PP_2773;3;131;3.333333333;5
PP_2774;2.666666667;2.333333333;2;3.666666667
PP_2775;2;5.333333333;5;6
PP_2776;2;2;2.666666667;2
PP_2777;10.66666667;8;9;7.333333333
PP_2778;1.666666667;1.333333333;1.333333333;0.666666667
PP_2779;1.666666667;3.666666667;1.666666667;1.666666667
PP_2780;1;1.666666667;1.333333333;0.666666667
PP_2781;0.666666667;0.666666667;0.666666667;0.333333333
PP_2782;1.333333333;1.333333333;1;1
PP_2783;0.333333333;0;1;1
PP_2784;1.333333333;0;0.666666667;1.333333333
PP_2785;0.666666667;0.333333333;0.666666667;0
PP_2786;1.333333333;0.666666667;0.333333333;0.666666667
PP_2787;4.333333333;6;6.333333333;6.666666667
PP_2788;4.333333333;4;3.666666667;4
PP_2789;10.33333333;12;14.66666667;12.33333333
PP_2790;17.33333333;14;16.33333333;11.66666667
PP_2791;0.666666667;1.666666667;0;3
PP_2792;0;0.333333333;0;0.333333333
PP_2793;1.333333333;0.666666667;1;1.666666667
PP_2794;3;3.333333333;2.333333333;3.333333333
PP_2795;0.333333333;1.333333333;1;2
PP_2796;1.333333333;4;3.666666667;4
PP_2797;1.333333333;2;3.333333333;4
PP_2798;1;2.333333333;1.333333333;1.333333333
PP_2799;1;0.666666667;1.333333333;1.666666667
PP_2800;0.333333333;0.333333333;0.333333333;0.333333333
PP_2801;0;0.666666667;0.333333333;0
PP_2802;0.666666667;0;0;0
PP_2803;0;0.666666667;0.666666667;0.333333333
PP_2804;0;1;1.333333333;0
PP_2805;2.333333333;3;2;2.333333333
PP_2806;118.6666667;169;143;185.3333333
PP_2807;2;13.33333333;2.333333333;0.666666667
PP_2808;2.666666667;7;3;5.333333333
PP_2809;3.333333333;9.333333333;10.33333333;8.666666667
PP_2810;2;0.666666667;1.333333333;0.666666667
PP_2811;6.333333333;6;5.333333333;5.666666667
PP_2812;1.333333333;3;3;3.333333333
PP_2813;6;6.666666667;6.333333333;10
PP_2814;4;8.666666667;7;3.666666667
PP_2815;11;10.33333333;5;12.66666667
PP_2816;1.333333333;2.333333333;2.333333333;7
PP_2817;0;1;0.666666667;0.333333333
PP_2818;1.333333333;1.666666667;2;2.333333333
PP_2819;1.666666667;2.333333333;1.333333333;2.333333333
PP_2820;54.33333333;41;71.33333333;66.33333333
PP_2821;1;0.666666667;3.666666667;3.333333333
PP_2822;8;16;8;12.66666667
PP_2823;1;1;3.666666667;3
PP_2824;25.66666667;16.66666667;19;21.66666667
PP_2825;13.66666667;15;14.33333333;14.33333333
PP_2826;48.33333333;53.33333333;44;67.66666667
PP_2827;126.3333333;147.6666667;198;155.3333333
PP_2828;1.666666667;3.333333333;4.333333333;5.333333333
PP_2829;5;8.333333333;7.666666667;7
PP_2830;2.333333333;3;3.333333333;4.666666667
PP_2831;2;1.666666667;3;1.666666667
PP_2832;9.333333333;10.33333333;11;8.333333333
PP_2833;9;10.33333333;10;13
PP_2834;1.666666667;3;1.333333333;2.333333333
PP_2835;1.333333333;5;1.666666667;2.666666667
PP_2836;4.666666667;5;4.333333333;3.666666667
PP_2837;8.666666667;9.666666667;13.33333333;9.666666667
PP_2838;25;23.66666667;20.66666667;20.66666667
PP_2839;19.33333333;13;17;16
PP_2840;3;8.666666667;6;5.666666667
PP_2841;56.66666667;54.66666667;58;39
PP_2842;14.33333333;3.333333333;3;2.666666667
PP_2843;1.333333333;1.333333333;1.666666667;1
PP_2844;0.666666667;0;1;2
PP_2845;10.33333333;6.666666667;7;10
PP_2846;5.666666667;2.666666667;6;2.333333333
PP_2847;7.333333333;2.666666667;3;3.333333333
PP_2848;12;13.33333333;14;10.33333333
PP_2849;7.666666667;15.66666667;9.333333333;19
PP_2850;5.666666667;2.666666667;4.666666667;1.666666667
PP_2851;12.33333333;23.33333333;9.333333333;72.66666667
PP_2852;36.33333333;47.66666667;43.33333333;77
PP_2853;29.66666667;174;66;248
PP_2854;3.666666667;11;4.333333333;8
PP_2855;4.333333333;16.66666667;5.333333333;11
PP_2856;43;124;93.33333333;164.3333333
PP_2857;1.666666667;16.33333333;2.333333333;10
PP_2858;4.666666667;20.66666667;5;5
PP_2859;22.33333333;12.66666667;23;14.33333333
PP_2860;39;24.66666667;39;11
PP_2861;15.66666667;23.66666667;37;52
PP_2862;48.66666667;51;51;58.66666667
PP_2863;98.33333333;92.66666667;98.33333333;96.66666667
PP_2864;17.33333333;25.66666667;19.66666667;36.33333333
PP_2865;17.66666667;28.33333333;21;27.66666667
PP_2866;7;3;2.333333333;4
PP_2867;50.66666667;80;39.33333333;43.33333333
PP_2868;27.66666667;23.66666667;22.33333333;24.66666667
PP_2869;2;1.333333333;1.333333333;2
PP_2870;2.666666667;7;9;9
PP_2871;4.333333333;5;4;8.333333333
PP_2872;41;20.33333333;82.66666667;30.66666667
PP_2873;39;24.66666667;63;73.66666667
PP_2874;40.33333333;175.6666667;53;415.3333333
PP_2875;161.3333333;481.6666667;1342;155.3333333
PP_2876;45.66666667;40.66666667;31.66666667;19.33333333
PP_2877;11;14.33333333;11.33333333;8
PP_2878;15.33333333;19.66666667;18;11.33333333
PP_2879;43.66666667;32.33333333;34;29.66666667
PP_2880;20;23.33333333;26;30.66666667
PP_2881;19.33333333;36.66666667;49.33333333;80
PP_2882;12.66666667;25;12;32.33333333
PP_2883;53;27.66666667;18.33333333;18.33333333
PP_2884;107.3333333;98.66666667;95.33333333;127.6666667
PP_2885;55.66666667;47.33333333;60.33333333;45.33333333
PP_2886;1;1;1;4
PP_2887;2;3.333333333;0.666666667;1
PP_2888;39.33333333;34.66666667;36;30.33333333
PP_2889;6;9.666666667;5.666666667;14.33333333
PP_2890;105.6666667;111.3333333;106;111
PP_2891;23;56.33333333;25.66666667;73
PP_2892;152.6666667;143;121;87.66666667
PP_2893;51;38;42.66666667;27
PP_2894;0.666666667;0.333333333;0;0.666666667
PP_2895;6.333333333;5.333333333;9;7.666666667
PP_2896;1;1.666666667;1;1.333333333
PP_2897;13.66666667;18;17.66666667;32.33333333
PP_2898;2.666666667;2.333333333;2.666666667;0.666666667
PP_2899;2026.666667;1343.666667;1937.666667;824.3333333
PP_2900;10;13;11.66666667;15.66666667
PP_2901;4;3.666666667;3.666666667;4.333333333
PP_2902;148;103.3333333;97.66666667;46.33333333
PP_2903;655;590.3333333;442.3333333;313.3333333
PP_2904;166;138;86.66666667;90.66666667
PP_2905;233.3333333;210;195.3333333;145
PP_2906;27;32.66666667;26.66666667;37.33333333
PP_2907;33.33333333;58.33333333;43.33333333;80.33333333
PP_2908;76;76.66666667;64.66666667;87
PP_2909;5.333333333;7.333333333;6.333333333;7
PP_2910;13.66666667;18.66666667;16.66666667;24.66666667
PP_2911;2;4;4;4.333333333
PP_2912;62;73.33333333;57;69.33333333
PP_2913;183.6666667;177;166.3333333;130
PP_2914;5.333333333;9;8.333333333;4
PP_2915;16.33333333;7;11.66666667;4.666666667
PP_2916;48.66666667;41;27.33333333;29.33333333
PP_2917;1.333333333;3.333333333;3.333333333;2
PP_2918;5;8.666666667;4.333333333;5
PP_2919;14;17;13.66666667;17.33333333
PP_2920;2.333333333;5;1.666666667;2
PP_2921;3;3.666666667;3;4.333333333
PP_2922;2;6;4;3.333333333
PP_2923;10.66666667;6;13.66666667;8
PP_2924;21;21.66666667;22;14.33333333
PP_2925;10.33333333;66.33333333;16.33333333;69
PP_2926;1.666666667;0.666666667;0.666666667;1
PP_2927;8.666666667;35.33333333;22.33333333;52.66666667
PP_2928;292.6666667;68.66666667;131.3333333;35
PP_2929;192.6666667;59;126;33.66666667
PP_2930;21.33333333;21.66666667;13;19.33333333
PP_2931;26.33333333;19.33333333;19.66666667;14.66666667
PP_2932;31;36.33333333;24;19.33333333
PP_2933;68;70.33333333;63;90.33333333
PP_2934;2.666666667;6.666666667;8;8
PP_2935;5.666666667;7.666666667;13;6.333333333
PP_2936;76;19.33333333;45;13
PP_2937;41.33333333;32.66666667;34;44.66666667
PP_2938;158.6666667;127.6666667;136.6666667;186.3333333
PP_2939;203.3333333;187;222.3333333;234
PP_2940;298;478;285.3333333;429
PP_2941;15.33333333;73;31.66666667;91.66666667
PP_2942;24.66666667;115;43.33333333;174
PP_2943;6.666666667;42;18.66666667;45.66666667
PP_2944;21.33333333;85;43.66666667;120.3333333
PP_2945;13.33333333;68;27;85
PP_2946;57.66666667;60.66666667;62.66666667;61
PP_2947;408;616.3333333;564;1316.666667
PP_2948;8.333333333;9;6.666666667;4.333333333
PP_2949;5.333333333;7;3;13
PP_2950;80.66666667;90;99.33333333;171.6666667
PP_2951;146;134.6666667;156;240.6666667
PP_2952;15;14.33333333;10.66666667;14
PP_2953;0.666666667;1.666666667;0.666666667;1.333333333
PP_2954;0.666666667;3.666666667;2.333333333;1
PP_2955;4.333333333;4.333333333;3;5.333333333
PP_2956;4;7.333333333;4.333333333;6.666666667
PP_2957;46.33333333;45;56.33333333;117.3333333
PP_2958;21.66666667;71.33333333;58;74.66666667
PP_2959;6;11.66666667;5.333333333;16
PP_2960;20.33333333;40;26.33333333;43.66666667
PP_2961;9.666666667;16.33333333;16.33333333;15
PP_2962;9;16.33333333;12;43.66666667
PP_2963;0.333333333;2;0;3.666666667
PP_2964;15.33333333;66;22.33333333;61.33333333
PP_2965;11.33333333;32.33333333;9;36
PP_2966;25;3.333333333;6.666666667;5.666666667
PP_2967;55.33333333;6.666666667;55.33333333;17.66666667
PP_2968;106;16.33333333;92.66666667;24
PP_2969;932.6666667;197.6666667;964.6666667;188.3333333
PP_2970;321;64.33333333;581.6666667;79.66666667
PP_2971;7.666666667;18;12.66666667;23.33333333
PP_2972;2.666666667;2;8.666666667;0.333333333
PP_2973;3;1;1.666666667;1.666666667
PP_2974;2.333333333;2.666666667;4.666666667;5.666666667
PP_2975;12.66666667;22.66666667;20.33333333;19.33333333
PP_2976;27;31;31;21.66666667
PP_2977;13.33333333;13.33333333;12;15.66666667
PP_2978;48;46.66666667;73.66666667;96.66666667
PP_2979;6;7.333333333;9.666666667;11
PP_2980;5;14.66666667;10.33333333;25.66666667
PP_2981;31.66666667;51.33333333;45.33333333;61.33333333
PP_2982;26.33333333;36;36.33333333;53.33333333
PP_2983;59.33333333;105;101;112
PP_2984;33;65;38.33333333;112
PP_2985;21.66666667;21;19;18
PP_2986;13.33333333;15.66666667;11;15.33333333
PP_2987;175.3333333;173;192.6666667;191.6666667
PP_2988;5.333333333;6;3.666666667;8
PP_2989;4.666666667;10;6.333333333;10
PP_2990;73.66666667;88.66666667;87.66666667;172
PP_2991;17.66666667;26.33333333;21.33333333;19.66666667
PP_2992;8.333333333;14;8;6
PP_2993;28.66666667;77;55.33333333;167.3333333
PP_2994;10;32.33333333;14.33333333;33.66666667
PP_2995;19;16.66666667;21;18.33333333
PP_2996;30.33333333;52.66666667;62.66666667;165.6666667
PP_2997;7;9.333333333;8.333333333;9.333333333
PP_2998;1.333333333;2;1.333333333;1.333333333
PP_2999;2;2.333333333;0.666666667;1.333333333
PP_3000;0;2;0;0.333333333
PP_3001;1.666666667;1.666666667;1.333333333;1
PP_3002;0;0.333333333;1.666666667;0
PP_3003;4.666666667;2.666666667;6.666666667;6.333333333
PP_3004;723.6666667;998;665.3333333;786
PP_3005;3.333333333;14.66666667;7.666666667;18.33333333
PP_3006;10.33333333;30;12;36.66666667
PP_3007;0.333333333;19.33333333;0.666666667;9.333333333
PP_3008;82.66666667;128.6666667;83.33333333;268.6666667
PP_3009;23.66666667;108.3333333;71;199
PP_3010;118.3333333;226;210.6666667;648
PP_3011;176;201.6666667;210.6666667;241.3333333
PP_3012;45.33333333;83.66666667;98;158.6666667
PP_3013;79.33333333;80;109.3333333;161.6666667
PP_3014;33.33333333;43.33333333;40.66666667;71.33333333
PP_3015;6;25.66666667;8;25.33333333
PP_3016;3;26.33333333;10;14
PP_3017;54.33333333;80.66666667;85.66666667;95
PP_3018;28;34.33333333;25.33333333;30.66666667
PP_3019;44.33333333;76;40.33333333;63.66666667
PP_3020;12.33333333;32.66666667;14;37
PP_3021;9;5.666666667;8.666666667;7.333333333
PP_3022;37.66666667;31.66666667;45.66666667;43.66666667
PP_3023;112;91.33333333;147;72.66666667
PP_3024;681.3333333;616;611.3333333;419
PP_3025;275.6666667;164.6666667;379;510
PP_3026;80.66666667;117.3333333;133.6666667;197.6666667
PP_3027;4.666666667;7.666666667;10.66666667;15.66666667
PP_3028;2.666666667;0.333333333;0;1.333333333
PP_3029;3;2.666666667;1.666666667;1.666666667
PP_3030;0.666666667;2;1.666666667;0.666666667
PP_3031;3;3;5.666666667;2.666666667
PP_3032;0.666666667;3.333333333;5.333333333;2.666666667
PP_3033;214.6666667;231.3333333;234.6666667;254.6666667
PP_3034;39.66666667;29;53.33333333;31.66666667
PP_3035;2143.333333;3001.666667;2122;3302.666667
PP_3036;13;11.66666667;17;24
PP_3037;2;6.333333333;2;5.333333333
PP_3038;11.66666667;16.66666667;9.666666667;20.66666667
PP_3039;303.3333333;218;389.3333333;202.6666667
PP_3040;1.666666667;2;3;1.333333333
PP_3041;4.333333333;3.666666667;2.333333333;2.333333333
PP_3042;4;3;5;4.666666667
PP_3043;1.333333333;0;1.666666667;0.666666667
PP_3044;2;1.333333333;2.333333333;2.333333333
PP_3045;2.666666667;4;1;1.333333333
PP_3046;11;9;5.666666667;3.666666667
PP_3047;3.666666667;3;2;3
PP_3048;1.333333333;0.333333333;1.333333333;1.666666667
PP_3049;1.333333333;1.666666667;0;0
PP_3050;1;4;3.666666667;4.666666667
PP_3051;6;4.333333333;5.666666667;7
PP_3052;1.333333333;1;0.666666667;1
PP_3053;1;1.333333333;1;0.666666667
PP_3054;1;0.666666667;1.666666667;0.666666667
PP_3055;0;2.666666667;2.666666667;0.666666667
PP_3056;3.333333333;2.333333333;3.333333333;1.333333333
PP_3057;7.333333333;5;3.333333333;7.333333333
PP_3058;5.333333333;3.666666667;4;5
PP_3059;2;2.666666667;2.333333333;1
PP_3060;1.333333333;0;0.333333333;1
PP_3061;2.333333333;1.333333333;2.666666667;1.666666667
PP_3062;3;2.666666667;2.333333333;3
PP_3063;6;5.666666667;6.666666667;5.333333333
PP_3064;10;15.33333333;5;7.666666667
PP_3065;2;1.666666667;1.333333333;0.333333333
PP_3066;10;12;9.666666667;19
PP_3067;130.6666667;128.6666667;159;176.6666667
PP_3068;60.33333333;55;57.66666667;51.33333333
PP_3069;1.333333333;2.333333333;2.333333333;1.666666667
PP_3070;102.3333333;87.33333333;98.33333333;184
PP_3071;22;58;23.66666667;65
PP_3072;148.3333333;246.3333333;231.3333333;263.3333333
PP_3073;30;37.66666667;44;37
PP_3074;1.666666667;1.333333333;2;2.666666667
PP_3075;18.66666667;17;17.33333333;33.33333333
PP_3076;19.66666667;19.33333333;15.33333333;29
PP_3077;4;3.333333333;3.333333333;7
PP_3078;16.33333333;19.66666667;11.33333333;20.33333333
PP_3079;439.3333333;514.3333333;313;351.3333333
PP_3080;67.66666667;92;36.33333333;37.66666667
PP_3081;34;150.6666667;86;278.3333333
PP_3082;5.666666667;2.666666667;3.333333333;1.666666667
PP_3083;18.33333333;18.66666667;20.66666667;12.33333333
PP_3084;4.666666667;6.333333333;6;8.333333333
PP_3085;0.666666667;1.666666667;1.333333333;2
PP_3086;23.66666667;23.66666667;19.66666667;26.66666667
PP_3087;12.33333333;9.666666667;9.333333333;6
PP_3088;42.33333333;22;22.66666667;12
PP_3089;1565;1201.333333;1889.666667;889.6666667
PP_3090;44;22;53.33333333;25.33333333
PP_3091;39.66666667;21.66666667;40.66666667;14
PP_3092;36.33333333;21.33333333;28.33333333;9
PP_3093;58.33333333;29;39.66666667;15
PP_3094;41;23;30.33333333;12.66666667
PP_3095;48.33333333;25.66666667;40;11
PP_3096;51.66666667;28;61;22
PP_3097;47;24.33333333;44;27.66666667
PP_3098;68;40;39.66666667;22.33333333
PP_3099;100.3333333;62.33333333;58.66666667;24.33333333
PP_3100;230.3333333;201.6666667;193.3333333;69.66666667
PP_3101;8;18;6.333333333;17
PP_3102;69;64;60.66666667;78
PP_3103;19.66666667;19.66666667;23.33333333;33
PP_3104;197.3333333;202;303.3333333;302
PP_3105;160.6666667;212.6666667;295.3333333;235
PP_3106;160.3333333;196;188.6666667;141
PP_3107;118.6666667;80;87.33333333;59.33333333
PP_3108;210.6666667;165.6666667;219.3333333;178.6666667
PP_3109;86;115.6666667;96.33333333;130
PP_3110;259.6666667;172.3333333;299.6666667;200
PP_3111;47;18.33333333;33.66666667;32
PP_3112;3.333333333;6.666666667;9;11.33333333
PP_3113;4.333333333;3.666666667;3;2
PP_3114;102;64.66666667;87.66666667;68.66666667
PP_3115;60;102;77;143.6666667
PP_3116;142;124.6666667;158.3333333;76
PP_3117;34.33333333;25.33333333;32.66666667;20
PP_3118;15.33333333;16.33333333;21.66666667;16.33333333
PP_3119;28.66666667;36.33333333;34;28.66666667
PP_3120;14;19;6.333333333;9
PP_3121;22.33333333;35.33333333;13.66666667;10.33333333
PP_3122;4;7.333333333;4;5.666666667
PP_3123;17.33333333;17.33333333;13.33333333;14
PP_3124;9.666666667;10.66666667;12.66666667;11.66666667
PP_3125;72;91.33333333;74.33333333;79.66666667
PP_3126;58.66666667;346.3333333;115.6666667;594.3333333
PP_3127;38;195.3333333;83;436.6666667
PP_3128;61;481;129.3333333;641.6666667
PP_3129;32.33333333;192;81.33333333;309.3333333
PP_3130;9;39;17;68.33333333
PP_3131;33.33333333;98;55.33333333;143.6666667
PP_3132;22.66666667;105.3333333;53.33333333;187.3333333
PP_3133;25.66666667;103.6666667;34;158.6666667
PP_3134;57.66666667;432.6666667;144.6666667;854.3333333
PP_3135;36.33333333;202;60.33333333;272.3333333
PP_3136;44;129.6666667;64;174.3333333
PP_3137;17.33333333;59;27.33333333;107
PP_3138;15.66666667;84;32.33333333;160.6666667
PP_3139;28.33333333;121;70.66666667;230.6666667
PP_3140;28;110;60.33333333;158
PP_3141;16.33333333;56.66666667;37.33333333;95
PP_3142;36;170.6666667;82;305
PP_3143;28;17.33333333;26.66666667;32.66666667
PP_3144;22;29.66666667;17.66666667;2016
PP_3145;29.66666667;271;86.66666667;286.6666667
PP_3146;11;11.33333333;13;11.33333333
PP_3147;4.666666667;2;5.666666667;1.666666667
PP_3148;9;6.666666667;7.666666667;1
PP_3149;43.33333333;82.66666667;58.33333333;123.3333333
PP_3150;28.66666667;24.66666667;25;33
PP_3151;2;2.333333333;2.666666667;0
PP_3152;8.666666667;23.33333333;12.33333333;12.33333333
PP_3153;8;9.666666667;7;11.66666667
PP_3154;278.6666667;190;314.6666667;287
PP_3155;7.666666667;4;4.333333333;4.666666667
PP_3156;11.33333333;69.66666667;32;133.3333333
PP_3157;198.6666667;138.6666667;212;167
PP_3158;12;25.66666667;10.33333333;7.666666667
PP_3159;15;19.66666667;35.66666667;102
PP_3160;9.666666667;23.33333333;28.33333333;52.66666667
PP_3161;5.333333333;2.666666667;1.666666667;4
PP_3162;5.666666667;0.666666667;5.333333333;5.333333333
PP_3163;3.333333333;0.333333333;1.333333333;0
PP_3164;4;0;1;0.333333333
PP_3165;1.333333333;1;2;3.333333333
PP_3166;2.333333333;2;1;1.666666667
PP_3167;0.666666667;0;0.333333333;0
PP_3168;6.333333333;6.666666667;7;6.666666667
PP_3169;25.33333333;38.33333333;29.33333333;57.33333333
PP_3170;16;7;10;7.666666667
PP_3171;38.33333333;22.33333333;47.66666667;18.33333333
PP_3172;35.33333333;31;35;24
PP_3173;4;5;3.333333333;3
PP_3174;33;46.66666667;25.66666667;33.33333333
PP_3175;1;1;0.666666667;1.666666667
PP_3176;2.333333333;2.333333333;3;85.66666667
PP_3177;36.33333333;44.66666667;45.66666667;68
PP_3178;4.666666667;7;4;21.66666667
PP_3179;7;6.333333333;6;3.333333333
PP_3180;15;8.333333333;23;11.33333333
PP_3181;15;11.66666667;11.33333333;16
PP_3182;3.333333333;4;3.666666667;6.666666667
PP_3183;0.666666667;2.333333333;1.666666667;2.666666667
PP_3184;4.333333333;6;4.333333333;6.333333333
PP_3185;78;132.6666667;45.33333333;47
PP_3186;71;144.3333333;50.66666667;41.33333333
PP_3187;7;10.66666667;8.666666667;6.666666667
PP_3188;9.666666667;18.66666667;16.33333333;13.33333333
PP_3189;21;40.33333333;21.66666667;29.66666667
PP_3190;7.666666667;9.666666667;6.666666667;9.666666667
PP_3191;18.33333333;22.66666667;17.33333333;17
PP_3192;32;32.66666667;23;38.66666667
PP_3193;0;2;0.666666667;1.333333333
PP_3194;0;1.333333333;2;1
PP_3195;1.666666667;6;5.333333333;2.666666667
PP_3196;32;33;28.33333333;35.66666667
PP_3197;1;1.333333333;0.666666667;0
PP_3198;0;0.333333333;0;0
PP_3199;0.333333333;0.666666667;0.333333333;2
PP_3200;0;1.666666667;1;1.333333333
PP_3201;2.666666667;1.666666667;1.666666667;0.666666667
PP_3202;5;6;6.666666667;5
PP_3203;0.333333333;0.666666667;0.666666667;0.666666667
PP_3204;7;6.666666667;9.666666667;7.666666667
PP_3205;0.333333333;1.666666667;0.333333333;0.666666667
PP_3206;0;1;0;0.333333333
PP_3207;6;9.666666667;5.666666667;9.333333333
PP_3208;2.666666667;1;2;1
PP_3209;1;3.666666667;3;2.666666667
PP_3210;0;1;1.333333333;0.666666667
PP_3211;0.333333333;0.333333333;0.333333333;0.333333333
PP_3212;0.333333333;1.666666667;0.333333333;1.666666667
PP_3213;4.333333333;3.666666667;2.666666667;4.666666667
PP_3214;2;7.333333333;8.333333333;10.33333333
PP_3216;3;13.66666667;5.666666667;9.333333333
PP_3217;1;4.333333333;0;1
PP_3218;2;6.333333333;6;4.333333333
PP_3219;6;8.666666667;8;3.666666667
PP_3220;3.666666667;1.666666667;2.666666667;1.666666667
PP_3221;0;0.333333333;0.666666667;0
PP_3222;0;1.333333333;2.333333333;1
PP_3223;2;6;4.333333333;10
PP_3224;1.666666667;1.333333333;1.666666667;0.666666667
PP_3225;0.333333333;1.333333333;2.666666667;1.666666667
PP_3226;0.666666667;2.666666667;0.666666667;0.333333333
PP_3227;37;60.33333333;47;33
PP_3228;6.333333333;6;4.333333333;3
PP_3229;3;4.666666667;4;2
PP_3230;7.333333333;11.33333333;5.666666667;14.33333333
PP_3231;1.666666667;2;1.666666667;3.666666667
PP_3232;3;1.666666667;0.333333333;0.666666667
PP_3233;5.333333333;13.33333333;8.666666667;56
PP_3234;2.333333333;4;9.666666667;9.666666667
PP_3235;5.666666667;7.666666667;11;7.666666667
PP_3236;5.333333333;1;1;2
PP_3237;5;6;9;3.666666667
PP_3238;1.333333333;1.333333333;1.666666667;3
PP_3239;16.33333333;36.33333333;21.33333333;25
PP_3240;53.66666667;63.33333333;93.66666667;104.6666667
PP_3241;4.333333333;10;17.33333333;12.33333333
PP_3242;30.33333333;87.66666667;47.66666667;89.33333333
PP_3243;23.33333333;23;26.33333333;21
PP_3244;12.33333333;13.66666667;15;6.666666667
PP_3245;27.33333333;27.33333333;23;11.66666667
PP_3246;126;84.33333333;112;73
PP_3247;6.666666667;60.66666667;4.333333333;21.66666667
PP_3248;123.6666667;130;121.6666667;130.6666667
PP_3249;19.33333333;103.6666667;17.66666667;52.33333333
PP_3250;7.666666667;23;9.333333333;11.33333333
PP_3251;3.666666667;4.666666667;3.333333333;4.333333333
PP_3252;9.333333333;14.66666667;9.333333333;15.66666667
PP_3253;3.333333333;6.333333333;5.333333333;6.666666667
PP_3254;37;31.66666667;23.66666667;21.33333333
PP_3255;31;30;33.33333333;27
PP_3256;7;5.666666667;3.666666667;2.333333333
PP_3257;7;5.333333333;6.333333333;7
PP_3258;0.333333333;0.666666667;1.666666667;0.666666667
PP_3259;3.333333333;6.333333333;5;5.666666667
PP_3260;0.333333333;2;2.333333333;3.666666667
PP_3261;3.333333333;4;7;3.333333333
PP_3262;11.33333333;4.666666667;8.333333333;2
PP_3263;0.666666667;2.333333333;3.666666667;4.666666667
PP_3264;2.333333333;3.666666667;3;5
PP_3265;3.666666667;4;2.666666667;3
PP_3266;0.666666667;2.666666667;3.666666667;2
PP_3267;18.33333333;27.33333333;25.66666667;17
PP_3268;25.33333333;52;36.66666667;59.33333333
PP_3269;6.666666667;14.66666667;25;15
PP_3270;1.666666667;2;2.333333333;2.666666667
PP_3271;1.333333333;1.666666667;3.666666667;3
PP_3272;3.333333333;2.333333333;2;1.666666667
PP_3273;0;0;1.666666667;1.333333333
PP_3274;0.333333333;1.333333333;1;0.333333333
PP_3275;1;1;0.666666667;1
PP_3276;1.666666667;0;0.666666667;0.333333333
PP_3277;1;0.333333333;0.666666667;0.666666667
PP_3278;1.333333333;3;2.333333333;2
PP_3279;15.33333333;17;27.66666667;25
PP_3280;2.666666667;7;8.333333333;6.333333333
PP_3281;5.666666667;1.666666667;3.666666667;1.333333333
PP_3282;0.666666667;1.666666667;1.333333333;1.333333333
PP_3283;0.333333333;1;0.666666667;1.666666667
PP_3284;1.333333333;1;0;1.666666667
PP_3285;7;9;7.333333333;7.666666667
PP_3286;113.3333333;100;112.3333333;102.3333333
PP_3287;3.333333333;0.666666667;1;1.333333333
PP_3288;43;65.33333333;47;61.66666667
PP_3289;4.666666667;5;6;7.333333333
PP_3290;13.66666667;19.66666667;24;18.66666667
PP_3291;8.333333333;10;8;8.666666667
PP_3292;7.333333333;9.333333333;8.666666667;9.666666667
PP_3293;101.6666667;252;180;251
PP_3294;2.666666667;4;2.333333333;4
PP_3295;22;12.33333333;15;15.66666667
PP_3296;39.33333333;118.6666667;42;98.66666667
PP_3297;33.66666667;46.66666667;47.33333333;26.66666667
PP_3298;2;3;0.666666667;2.333333333
PP_3299;7.666666667;6.666666667;6.666666667;7.333333333
PP_3300;59.33333333;56.33333333;61;55.33333333
PP_3301;4.333333333;5.333333333;6.333333333;6.333333333
PP_3302;2.333333333;2.666666667;2.333333333;3
PP_3303;4.666666667;3.333333333;3.333333333;2.333333333
PP_3304;0.666666667;1.333333333;1;0.333333333
PP_3305;7;42.33333333;7.333333333;15.66666667
PP_3306;0;0.333333333;0;0
PP_3307;7.333333333;9.666666667;7;13.33333333
PP_3308;1.333333333;3.333333333;2.333333333;2.333333333
PP_3309;1;2.333333333;0.666666667;3.333333333
PP_3310;3;2;2.333333333;3.333333333
PP_3311;12;17.66666667;18.66666667;27
PP_3312;24.66666667;77.66666667;46.66666667;137
PP_3313;71.33333333;166.6666667;167.3333333;350.3333333
PP_3314;52.33333333;98;85.33333333;124.6666667
PP_3315;12;30.33333333;17.66666667;21
PP_3316;6.333333333;9.333333333;6;7
PP_3317;55.33333333;58.33333333;38.66666667;64
PP_3318;326.3333333;533.3333333;475;940
PP_3319;35.66666667;39.66666667;37.66666667;46.33333333
PP_3320;3.666666667;8;4.333333333;11.66666667
PP_3321;6.333333333;10.33333333;8.666666667;18
PP_3322;3.666666667;4;3;4.333333333
PP_3323;1.666666667;1;1.666666667;3.333333333
PP_3324;3.333333333;1.333333333;1;1.333333333
PP_3325;1.666666667;0.666666667;1.666666667;0.333333333
PP_3326;7.333333333;4;8.333333333;7
PP_3328;8.333333333;9;7;10.33333333
PP_3329;12.33333333;38.33333333;21;40.33333333
PP_3330;3.333333333;3.333333333;6.666666667;9.333333333
PP_3331;7.666666667;5.333333333;6.666666667;2.666666667
PP_3332;28;6;44.66666667;8.333333333
PP_3335;1.333333333;0.666666667;2.666666667;0
PP_3336;6;7.666666667;13;2
PP_3337;136.6666667;83.66666667;114.6666667;93.33333333
PP_3338;0;0;0;1
PP_3339;43.33333333;30.66666667;36.33333333;20.66666667
PP_3340;4.333333333;2.666666667;2;3
PP_3341;43.33333333;30;25.33333333;21.66666667
PP_3342;4.666666667;10.66666667;3;2.333333333
PP_3343;1.333333333;5;1.666666667;0.333333333
PP_3344;9;7.666666667;4.333333333;3
PP_3345;6;5.666666667;2.333333333;1
PP_3346;3.666666667;8.666666667;3.333333333;2.666666667
PP_3347;26;11;27.66666667;4.333333333
PP_3348;48;64;40;63
PP_3349;2;3;611;2
PP_3350;6.666666667;12.66666667;2846.333333;19
PP_3351;0;1;0;1.333333333
PP_3352;2.333333333;0.333333333;295;0.333333333
PP_3353;1;0.333333333;112.3333333;0.666666667
PP_3354;2;2;330.6666667;4
PP_3355;3.333333333;1.333333333;639.6666667;3
PP_3356;4.666666667;3;1130.666667;4.666666667
PP_3357;4.333333333;5;1015.333333;6
PP_3358;19.33333333;23.33333333;3964;26
PP_3359;26.66666667;32.66666667;218;17.66666667
PP_3360;11.33333333;9.666666667;87.33333333;7.333333333
PP_3361;17.33333333;19.33333333;11.66666667;13
PP_3362;57.66666667;55.66666667;50.66666667;36
PP_3363;28.66666667;28;19.33333333;25.66666667
PP_3364;24.33333333;56.33333333;25;54.66666667
PP_3365;55;76.33333333;124.3333333;20.33333333
PP_3366;15.66666667;12.66666667;15;11.33333333
PP_3367;26.33333333;31.66666667;33;32.66666667
PP_3368;27.33333333;12.66666667;11;8.666666667
PP_3369;10;6;5.666666667;7
PP_3370;16;44;21.66666667;43.66666667
PP_3371;14;13.33333333;13.33333333;6
PP_3372;23.66666667;31;38.66666667;31
PP_3373;62.66666667;57.66666667;62.33333333;51.33333333
PP_3374;4.666666667;1.666666667;0.333333333;0.333333333
PP_3375;25.66666667;6.333333333;15.33333333;3.333333333
PP_3376;404;11.66666667;12;12.33333333
PP_3377;187.3333333;5;5.666666667;6.666666667
PP_3378;230.3333333;2;2.666666667;2
PP_3379;221.3333333;2.666666667;2;2
PP_3380;321;56.66666667;41;72.33333333
PP_3381;25;49.33333333;35.66666667;39
PP_3382;128.6666667;3.666666667;3;4
PP_3383;149;4;5.333333333;7.333333333
PP_3384;184.3333333;3.666666667;2;4
PP_3385;17.66666667;13.66666667;11.33333333;8.333333333
PP_3386;11;9.666666667;7.666666667;5.333333333
PP_3387;6.333333333;5.333333333;4.333333333;1.666666667
PP_3388;7;9;5.666666667;3.666666667
PP_3389;9.666666667;15.33333333;13.66666667;14.33333333
PP_3390;1.666666667;5;8;9.666666667
PP_3391;3.666666667;2.666666667;3.666666667;8
PP_3392;10.66666667;8.333333333;10.33333333;10.66666667
PP_3393;6.666666667;9;8;11.66666667
PP_3394;7;8;15.33333333;13
PP_3395;11.66666667;20;18;20.33333333
PP_3396;0.666666667;0.333333333;1.333333333;1.333333333
PP_3397;2.666666667;2.333333333;2.666666667;1.666666667
PP_3398;1.333333333;2;1.666666667;2
PP_3400;17;15.33333333;10.66666667;13.66666667
PP_3401;18;13.33333333;20;16
PP_3402;64.33333333;193;99.33333333;534.6666667
PP_3403;19;28.66666667;31.66666667;33.66666667
PP_3404;62;58.33333333;106.3333333;66.33333333
PP_3405;13;9.333333333;20;12.66666667
PP_3406;51;39.66666667;26.33333333;19.33333333
PP_3407;467.3333333;367.6666667;414.3333333;415.6666667
PP_3409;13.66666667;9.333333333;6.333333333;7
PP_3410;27.66666667;32.33333333;29.33333333;30.33333333
PP_3411;139.3333333;340.3333333;220.6666667;1045.666667
PP_3412;17.66666667;48;22.66666667;44
PP_3413;12.33333333;16.33333333;15;29.66666667
PP_3414;28.33333333;67.66666667;23;89.33333333
PP_3415;92;23.66666667;20.33333333;36.66666667
PP_3416;1059.666667;15.66666667;3.333333333;14
PP_3417;1164;19.33333333;18.33333333;15.66666667
PP_3418;1847;42.33333333;36.33333333;23
PP_3419;8.333333333;31.66666667;12;91
PP_3420;8.666666667;35;15;125.3333333
PP_3421;7.666666667;46.66666667;11.66666667;141.3333333
PP_3422;5.333333333;5;5.333333333;5
PP_3423;2;3;3.333333333;5.333333333
PP_3424;3.333333333;2.333333333;2.333333333;2
PP_3425;11.66666667;10;24.66666667;1
PP_3426;9.666666667;9;26;2
PP_3427;16.33333333;7.666666667;51;3
PP_3428;26.66666667;27.66666667;22;33.66666667
PP_3429;34.33333333;54.33333333;38.33333333;53
PP_3430;22.33333333;73.33333333;36.33333333;109
PP_3431;71.33333333;418.3333333;149.6666667;858.3333333
PP_3432;16;44.33333333;26;59.33333333
PP_3433;25.66666667;33;28.66666667;49
PP_3434;101.6666667;98.33333333;132.6666667;87
PP_3435;24.33333333;33.66666667;33;47.66666667
PP_3436;23.66666667;20.33333333;34.66666667;23
PP_3437;68;108.3333333;43;38.66666667
PP_3438;13;24.66666667;22.66666667;41.33333333
PP_3439;72;119.6666667;108.3333333;233
PP_3440;19.66666667;55.66666667;31.33333333;89.66666667
PP_3441;27;73.33333333;49;127
PP_3442;0.333333333;1.666666667;0;1.333333333
PP_3443;75.33333333;78.33333333;20.33333333;40.66666667
PP_3444;8.333333333;15.66666667;7;46
PP_3445;30;42.66666667;31.33333333;52.66666667
PP_3446;20.66666667;26;25;34.66666667
PP_3447;137.3333333;143.3333333;195.6666667;160.6666667
PP_3448;8.333333333;51.33333333;21.33333333;89
PP_3449;11.66666667;78;30.66666667;132.3333333
PP_3450;1.333333333;7.333333333;3.333333333;8
PP_3451;1;18;13;17
PP_3452;2.333333333;11.33333333;5;11.66666667
PP_3453;74.33333333;136.6666667;42.66666667;19.33333333
PP_3454;156.3333333;243.6666667;97.33333333;55.66666667
PP_3455;168;296;70.66666667;5.666666667
PP_3456;96.66666667;159.3333333;48.66666667;7
PP_3457;27.66666667;29;18.33333333;35
PP_3458;3.333333333;15;13.33333333;32
PP_3459;8.666666667;22.33333333;22.33333333;25.33333333
PP_3460;2;7;5.666666667;12.33333333
PP_3461;4.666666667;6.333333333;7;8.666666667
PP_3462;1;0.666666667;1.333333333;0.333333333
PP_3463;0;1.333333333;1;1.333333333
PP_3464;1.666666667;1.333333333;0.666666667;1.333333333
PP_3465;0.666666667;0;0;0
PP_3466;19.33333333;12.66666667;25;28.33333333
PP_3467;26.66666667;23.33333333;38;44.66666667
PP_3468;12.33333333;5;11.33333333;10.66666667
PP_3469;14.33333333;10;16;56.33333333
PP_3471;21.66666667;18.66666667;35.66666667;57.66666667
PP_3472;2.333333333;3.666666667;2;7
PP_3473;4;1.333333333;3.333333333;3
PP_3474;0;1;1.333333333;1
PP_3475;0.666666667;0.666666667;0.666666667;1.333333333
PP_3476;0.333333333;0.666666667;1.333333333;0.333333333
PP_3477;0;0.333333333;0.666666667;0.333333333
PP_3478;0.666666667;1;1.333333333;0.666666667
PP_3479;1.333333333;4;3.666666667;2
PP_3480;0.666666667;0;0;1
PP_3481;0.666666667;0.333333333;0.333333333;0.333333333
PP_3482;0;0.333333333;1;0.666666667
PP_3483;2.666666667;4;2.666666667;2
PP_3484;41.33333333;108.3333333;23.33333333;48.66666667
PP_3485;51.66666667;120.3333333;75.66666667;95.33333333
PP_3486;1.333333333;1;1.333333333;1
PP_3487;2;5;1.333333333;4.333333333
PP_3488;1.333333333;3.666666667;1.333333333;2.666666667
PP_3489;4.333333333;2.666666667;4.333333333;3
PP_3490;1.333333333;1.333333333;1.333333333;1.666666667
PP_3491;44.33333333;33;42.66666667;28.33333333
PP_3492;47.66666667;47;50.33333333;33.33333333
PP_3493;20.33333333;19;26.66666667;11.66666667
PP_3494;3;2.666666667;164.6666667;0
PP_3495;64;44;50.66666667;24
PP_3496;232;244.6666667;276.6666667;314
PP_3497;105.6666667;87.33333333;77;83.66666667
PP_3498;55.66666667;75.33333333;63;91.66666667
PP_3499;12.66666667;3.333333333;7;6.666666667
PP_3500;1.333333333;4.333333333;0.666666667;0.666666667
PP_3501;48.66666667;32.33333333;66.66666667;29
PP_3502;15.66666667;24;18;25
PP_3503;10.66666667;22;14;29.33333333
PP_3504;896;1821.333333;1143.666667;1787.333333
PP_3505;26;17;21.66666667;17
PP_3506;35.33333333;20.66666667;27.66666667;17.66666667
PP_3507;39;22.66666667;29.66666667;26
PP_3508;64;39.33333333;27.66666667;22.66666667
PP_3509;35.33333333;43.66666667;23.66666667;35
PP_3510;35.66666667;44;43.66666667;47
PP_3511;658.6666667;650.6666667;661;579
PP_3512;39;95.33333333;62.33333333;58.66666667
PP_3513;28.33333333;20.66666667;29;21.33333333
PP_3514;2.333333333;0.666666667;0.666666667;1.666666667
PP_3515;0.666666667;0.666666667;1.333333333;1
PP_3516;13;18.66666667;25;79.66666667
PP_3517;6.333333333;40.33333333;9.333333333;81
PP_3518;5.666666667;27.33333333;11.66666667;40
PP_3519;8.666666667;5;7.333333333;8
PP_3520;36;54;22;41.33333333
PP_3521;27.33333333;31.33333333;21.66666667;27.66666667
PP_3522;2.333333333;8.666666667;8;8.333333333
PP_3523;58.66666667;63.33333333;91;69.33333333
PP_3524;29.66666667;23;29.66666667;41.66666667
PP_3525;124;148.3333333;147.6666667;136
PP_3526;22.66666667;39.66666667;28.66666667;56.33333333
PP_3527;93;83.33333333;93.66666667;113.6666667
PP_3528;4.333333333;44.33333333;2.666666667;3
PP_3529;2.333333333;1;1.666666667;1.666666667
PP_3530;78;47;75.33333333;36
PP_3531;39.33333333;56;42.33333333;49.33333333
PP_3532;43.33333333;34.66666667;44;25.33333333
PP_3533;7.333333333;6;9.333333333;4.333333333
PP_3534;37.33333333;40.66666667;31;52
PP_3535;23;23.33333333;26;21.66666667
PP_3536;29.33333333;35;105;59.33333333
PP_3537;6.333333333;4.666666667;104;4
PP_3538;6.333333333;6.333333333;9.333333333;6.666666667
PP_3539;29;17;16.66666667;17.33333333
PP_3540;28.33333333;18.66666667;24.33333333;19.66666667
PP_3541;64.66666667;60.66666667;149.3333333;72
PP_3542;5.666666667;7.666666667;13.66666667;4
PP_3543;23.66666667;23.66666667;23.66666667;23
PP_3544;12.33333333;15.66666667;16;19.33333333
PP_3545;33;84.66666667;56.66666667;165
PP_3546;40.66666667;65.33333333;40.66666667;56.66666667
PP_3547;46.33333333;79.66666667;49.33333333;57.66666667
PP_3548;14.66666667;19.33333333;51.66666667;13.33333333
PP_3549;10;11.66666667;40.66666667;5
PP_3550;4;21.66666667;51;7.666666667
PP_3551;15.33333333;10;8;11
PP_3552;8;14.33333333;7.333333333;11.66666667
PP_3553;3.666666667;7.666666667;8;9.333333333
PP_3554;1.666666667;4.333333333;4.333333333;4.666666667
PP_3555;88;87;86.33333333;132
PP_3556;24.33333333;10.33333333;26.66666667;3.333333333
PP_3557;15.66666667;26.33333333;35.33333333;41.33333333
PP_3558;22.66666667;89.66666667;45.33333333;157.6666667
PP_3559;9.666666667;33;20.33333333;37
PP_3560;19.66666667;26;21;31
PP_3561;0.666666667;2;1;3
PP_3562;13.66666667;19.33333333;6.666666667;26
PP_3563;56;72;52.66666667;61.33333333
PP_3564;35.66666667;39;37.66666667;20.33333333
PP_3565;1.333333333;1.666666667;1.666666667;3
PP_3566;11.66666667;18.33333333;18.33333333;19.66666667
PP_3567;63.66666667;78.66666667;83.66666667;105
PP_3568;0.333333333;7;0.666666667;3
PP_3569;6;29.66666667;40;37
PP_3570;3;5.666666667;13.33333333;5.666666667
PP_3571;2;4.666666667;2.333333333;5.666666667
PP_3572;1.666666667;2.333333333;1.666666667;2
PP_3573;2.333333333;2;1.666666667;1.666666667
PP_3574;14.66666667;15.66666667;14;10.66666667
PP_3575;14.33333333;11.33333333;11;11.66666667
PP_3576;2.333333333;1;1;0.666666667
PP_3577;17.33333333;8.666666667;9.666666667;13.33333333
PP_3578;92.66666667;81.33333333;67;61
PP_3579;5;12.33333333;14.33333333;35.33333333
PP_3580;107.6666667;332.3333333;174.6666667;1179.333333
PP_3581;48.66666667;22.66666667;42.33333333;23.66666667
PP_3582;24.33333333;27.33333333;17.33333333;19
PP_3583;39;34.66666667;41;25
PP_3585;50.33333333;66;62.33333333;42
PP_3586;25;54;28;39.33333333
PP_3587;347;685.6666667;402.6666667;593
PP_3588;8.333333333;15.66666667;14;19.33333333
PP_3589;43;7.666666667;16.66666667;4
PP_3590;176.3333333;132.3333333;112;95.66666667
PP_3591;21.33333333;16;16.66666667;16
PP_3592;11;12.33333333;13.33333333;11.33333333
PP_3593;21.66666667;21;33.33333333;27
PP_3594;4.666666667;2;4.333333333;1.666666667
PP_3595;5.333333333;1.666666667;2.666666667;3
PP_3596;7;3;3;1.333333333
PP_3597;5;2.333333333;10;7.333333333
PP_3598;28;28.66666667;33.33333333;64.33333333
PP_3599;6.333333333;6.666666667;5;1
PP_3600;10.66666667;13.33333333;9;30.66666667
PP_3601;7.666666667;5;5.333333333;17
PP_3602;12;15;9;22
PP_3603;81;95.33333333;114.6666667;119.6666667
PP_3604;83;144.3333333;84.66666667;166
PP_3605;8.666666667;6.333333333;8.333333333;9.666666667
PP_3606;45.66666667;44.66666667;58.33333333;49.66666667
PP_3607;21;17;16;17
PP_3608;8;7.666666667;5.666666667;7
PP_3609;11.66666667;24.33333333;18.66666667;40.66666667
PP_3610;6.333333333;7.666666667;9;9.333333333
PP_3611;21.33333333;252;52.66666667;221
PP_3612;2.666666667;4.666666667;4.333333333;4
PP_3613;8;15;11.66666667;15.33333333
PP_3614;1.333333333;3.333333333;2.333333333;3.333333333
PP_3615;12.33333333;13.66666667;10.66666667;13.66666667
PP_3616;2.666666667;3;2.666666667;3.666666667
PP_3617;2.333333333;4.666666667;5.333333333;4.333333333
PP_3618;2.666666667;3.333333333;3;2
PP_3619;1.333333333;1.666666667;2.333333333;5.666666667
PP_3620;60.33333333;63.33333333;42.66666667;54
PP_3621;31.33333333;128;446;147.6666667
PP_3622;13.33333333;55.66666667;145.3333333;37.66666667
PP_3623;17;37.33333333;185.6666667;52.33333333
PP_3624;29.66666667;31.66666667;19;30
PP_3625;120;83.33333333;114.3333333;107.3333333
PP_3626;78.66666667;68.33333333;65.66666667;96.66666667
PP_3627;146.3333333;156.6666667;127.3333333;199
PP_3628;6.333333333;7.666666667;6.333333333;10.66666667
PP_3629;12.66666667;131;45.33333333;372.6666667
PP_3630;9.666666667;29.33333333;21.33333333;31
PP_3631;20.33333333;23.66666667;25;13
PP_3632;29.33333333;21.66666667;28.66666667;19.66666667
PP_3633;4;1.333333333;2;1.333333333
PP_3634;35;29.33333333;32;48
PP_3635;16.33333333;47.66666667;37.33333333;42.33333333
PP_3636;22;71;29.66666667;34.33333333
PP_3637;22.66666667;68.66666667;33.66666667;43
PP_3638;34.33333333;94.66666667;47;83.66666667
PP_3639;7.666666667;17;15.33333333;40.66666667
PP_3640;19.33333333;32.66666667;25.66666667;30.33333333
PP_3641;3;6.333333333;7.333333333;7.666666667
PP_3642;16.33333333;14.66666667;17;16.66666667
PP_3643;6;8;5.333333333;3
PP_3644;13.33333333;18;19.33333333;7.333333333
PP_3645;2.666666667;2;1.666666667;2
PP_3646;7.333333333;11;8;7.666666667
PP_3647;10.33333333;9;7;11.66666667
PP_3648;165;166;109;106
PP_3649;80;83.33333333;59.33333333;62
PP_3650;55;55.66666667;46.66666667;74.66666667
PP_3651;26.33333333;47.33333333;21.66666667;54.33333333
PP_3652;68.66666667;88.66666667;57.66666667;82.33333333
PP_3653;2.666666667;3;2.666666667;1.333333333
PP_3654;7;13;9.333333333;11.66666667
PP_3655;3.333333333;3.333333333;6.333333333;5.333333333
PP_3656;30.33333333;49.33333333;81.66666667;105.6666667
PP_3657;13;13;40;23.66666667
PP_3658;7.666666667;12.66666667;39.66666667;34
PP_3659;31;43;31;55
PP_3660;11.33333333;8;10.33333333;12.66666667
PP_3661;6.666666667;7;8;6
PP_3662;197;156;157;148.6666667
PP_3663;40.33333333;101.6666667;57.33333333;238
PP_3664;41;64.33333333;42.33333333;64
PP_3665;26.66666667;30.33333333;38.66666667;59.66666667
PP_3666;1;0.666666667;3;3.333333333
PP_3667;3.666666667;6;6;4.333333333
PP_3668;23.33333333;163;39.33333333;111
PP_3669;21.66666667;40.66666667;20.66666667;42.33333333
PP_3670;27.66666667;21.33333333;79;16.33333333
PP_3671;8.666666667;7.333333333;170.3333333;4.333333333
PP_3672;6.666666667;4.666666667;5.333333333;10.33333333
PP_3675;3;2.666666667;13;10
PP_3676;20.33333333;54;46.66666667;98.66666667
PP_3677;50.66666667;95;68;158
PP_3678;23;24.66666667;23.33333333;61.33333333
PP_3679;1.666666667;2;3.666666667;0.333333333
PP_3680;74;137;64;84
PP_3681;29.66666667;44;24.66666667;58
PP_3682;333.6666667;242;326.3333333;287
PP_3683;21.33333333;48;36;62.33333333
PP_3684;243.6666667;332;266;225.6666667
PP_3685;41.33333333;25.66666667;41.66666667;21.66666667
PP_3686;36;67;53.33333333;195.6666667
PP_3688;34.66666667;62.33333333;50.33333333;60.33333333
PP_3689;62;82.33333333;55.33333333;89.33333333
PP_3690;28.66666667;52.66666667;32.33333333;96.33333333
PP_3691;49;98.33333333;38.66666667;80.66666667
PP_3692;29;194;47.33333333;121
PP_3693;888.6666667;853.3333333;1172.333333;1596.333333
PP_3694;77.66666667;116.6666667;136;224.6666667
PP_3695;13.66666667;20.33333333;27;73
PP_3696;17.33333333;43;46.33333333;79
PP_3697;27.33333333;48.33333333;36;92.66666667
PP_3698;14.66666667;53.66666667;33.66666667;133.6666667
PP_3699;134.3333333;114.3333333;100.6666667;87.66666667
PP_3700;39.66666667;73.33333333;76.33333333;133
PP_3701;36;58.33333333;39.33333333;47
PP_3702;19.33333333;41;33;48.66666667
PP_3703;225;216.3333333;301.6666667;395.3333333
PP_3704;1358;869.3333333;795.6666667;723.6666667
PP_3705;265.3333333;160.6666667;275.3333333;95.33333333
PP_3706;146.6666667;189.6666667;136.6666667;161.6666667
PP_3707;131.3333333;164.3333333;233.3333333;468
PP_3708;56;88;103.6666667;203
PP_3709;30;29;35;52.33333333
PP_3710;10.33333333;11;9.666666667;12.66666667
PP_3711;38;41;28.66666667;45
PP_3712;11;11.33333333;13.66666667;13.33333333
PP_3713;4.666666667;5.333333333;9;4.666666667
PP_3714;4.666666667;3.333333333;2;0.666666667
PP_3715;4.666666667;1.666666667;1;0.666666667
PP_3716;4;6;3.666666667;3.333333333
PP_3717;29;34;34;36.33333333
PP_3718;3;4.666666667;17.66666667;4.666666667
PP_3719;1.666666667;1;12;1.666666667
PP_3720;8;29;12.66666667;22
PP_3721;11.33333333;32;14;20
PP_3722;22;62;47.66666667;58
PP_3724;2;2.333333333;2.666666667;2
PP_3725;2;1;3;1.333333333
PP_3726;1.666666667;1.333333333;3.333333333;1
PP_3727;0.666666667;1;1.666666667;1.333333333
PP_3728;10.33333333;6.333333333;16.33333333;11
PP_3729;12;8.333333333;16;17
PP_3730;74.66666667;113;56;36
PP_3731;30.66666667;30.33333333;23.66666667;20.33333333
PP_3732;14.66666667;11;30.33333333;27.66666667
PP_3733;3;9.333333333;7.666666667;12.66666667
PP_3734;1.333333333;4.333333333;5.666666667;7.666666667
PP_3735;4;13;23.33333333;23.33333333
PP_3736;2;1.333333333;688.3333333;2
PP_3737;3;6.333333333;591.3333333;7
PP_3738;84.33333333;99.33333333;168.3333333;112.6666667
PP_3740;2.666666667;2.333333333;785.3333333;3.666666667
PP_3741;6.666666667;2.333333333;24.33333333;3.333333333
PP_3742;82.33333333;135;111;97
PP_3743;42;128.3333333;141.6666667;58.33333333
PP_3744;13.66666667;22.33333333;31;18
PP_3745;4;20;5;10
PP_3746;2;5;2.333333333;4.666666667
PP_3747;1.666666667;3;1.666666667;7
PP_3748;2.666666667;3;2.333333333;5
PP_3749;25;25.66666667;39;20.66666667
PP_3750;10.66666667;14;8.666666667;9.333333333
PP_3751;9.333333333;9.333333333;9.666666667;9.333333333
PP_3753;24.66666667;21.66666667;22.66666667;19.33333333
PP_3754;10.66666667;38;19;17.66666667
PP_3755;12.66666667;48.33333333;20.66666667;21.33333333
PP_3756;23.66666667;31.66666667;33;37.66666667
PP_3757;36.66666667;87.33333333;59.33333333;60
PP_3758;32.66666667;35.66666667;32.33333333;42
PP_3759;47.66666667;46;40;64
PP_3760;53.66666667;78.66666667;62.33333333;92.66666667
PP_3761;37;65.33333333;40.66666667;51.33333333
PP_3762;100;135.3333333;146.3333333;166.3333333
PP_3763;40.66666667;49;57.66666667;74.33333333
PP_3764;7;12.66666667;11;12.66666667
PP_3765;229.3333333;639.6666667;298.3333333;892
PP_3766;295;198;217.3333333;110.3333333
PP_3767;49.33333333;45;30.33333333;177.6666667
PP_3768;46.66666667;59.33333333;26.33333333;49.66666667
PP_3769;4.333333333;18.66666667;6.333333333;9
PP_3770;12;6;33;10.66666667
PP_3771;12.33333333;26;22.33333333;34
PP_3772;81;86.33333333;84.66666667;81
PP_3773;119.3333333;111.3333333;164;34.33333333
PP_3774;9.666666667;28.66666667;14;16.66666667
PP_3775;390;128.6666667;174;219.6666667
PP_3776;274.3333333;60.33333333;160.6666667;99
PP_3777;568.6666667;143;204;203
PP_3778;714.3333333;132.3333333;225.6666667;196.3333333
PP_3779;224.3333333;154.3333333;128.6666667;178.6666667
PP_3780;109.6666667;33.33333333;75.66666667;99.33333333
PP_3781;1326.666667;15;109.6666667;201.6666667
PP_3782;1931.666667;44.33333333;181;340
PP_3783;1196.333333;19.33333333;76.33333333;93.33333333
PP_3784;772.3333333;21.33333333;45.66666667;65.66666667
PP_3785;624.3333333;21.66666667;49;95
PP_3786;443;42.33333333;91.33333333;123
PP_3787;395;93.66666667;128.6666667;178.3333333
PP_3788;273;15.66666667;33.33333333;55.33333333
PP_3789;130.6666667;12.33333333;34;43
PP_3790;197.6666667;38.33333333;55.66666667;88.33333333
PP_3791;19;27.66666667;26;69.33333333
PP_3792;10.33333333;10;16;13.66666667
PP_3793;25;21;19.66666667;19.33333333
PP_3794;73.66666667;76.33333333;81;132.6666667
PP_3795;170;398.6666667;419.6666667;1535.666667
PP_3796;1;1;1.666666667;0.666666667
PP_3797;6.333333333;8.333333333;3.666666667;6.333333333
PP_3798;1.333333333;3.666666667;1.333333333;7.333333333
PP_3799;1.666666667;7.333333333;1.666666667;9.333333333
PP_3800;1.666666667;0.666666667;0;1
PP_3801;3.666666667;4.666666667;3;6.666666667
PP_3802;4.333333333;4.333333333;3;5.666666667
PP_3803;10.33333333;11.33333333;10.33333333;12.33333333
PP_3804;6;4.666666667;4.333333333;8
PP_3805;14.66666667;13.66666667;13;15.33333333
PP_3806;21.33333333;47;52;73
PP_3807;3.666666667;12;8.666666667;8.333333333
PP_3808;8.333333333;24.66666667;14;60
PP_3809;2.666666667;11.33333333;5.333333333;23
PP_3810;11.66666667;21.33333333;8;43.66666667
PP_3811;29.66666667;53.66666667;40;41.33333333
PP_3812;6.333333333;12;12.33333333;21.33333333
PP_3813;4.333333333;6.666666667;3.333333333;6.666666667
PP_3814;2.666666667;9;5.666666667;13.33333333
PP_3815;0.666666667;2.666666667;1.666666667;4
PP_3816;1.666666667;3;3.666666667;2.333333333
PP_3817;11.66666667;19.66666667;17;20.66666667
PP_3818;10;5.333333333;11;7.666666667
PP_3819;129;162.6666667;130.3333333;198.3333333
PP_3820;33.33333333;28;32.33333333;23.33333333
PP_3821;651.3333333;866.3333333;651.3333333;589.6666667
PP_3822;9;33.66666667;18;18.66666667
PP_3823;16.66666667;49.33333333;14;8.666666667
PP_3824;30;129.6666667;29;22.33333333
PP_3825;343.6666667;254.6666667;286.6666667;379.6666667
PP_3826;3.333333333;1.333333333;0.666666667;0.666666667
PP_3827;73;58.33333333;54.33333333;68.66666667
PP_3828;26.33333333;30.66666667;24.66666667;15.66666667
PP_3829;10;10;12.66666667;9.333333333
PP_3830;11;9.666666667;12.66666667;9.333333333
PP_3831;2.666666667;4.666666667;4.333333333;5.666666667
PP_3832;1388;2642;2377.666667;4107.666667
PP_3833;64;150.3333333;164.3333333;176
PP_3834;22.66666667;46;26.33333333;51.66666667
PP_3835;46.33333333;82.66666667;34.33333333;78.33333333
PP_3836;46.33333333;210.6666667;112.3333333;358.6666667
PP_t58;622.3333333;396.6666667;927.6666667;142
PP_3837;17;59;43.66666667;177
PP_3838;19.33333333;31.33333333;16.66666667;32
PP_3839;25.33333333;195;60.33333333;196
PP_3840;132.6666667;149;116;190
PP_3841;180.3333333;225.3333333;224.3333333;535.6666667
PP_3842;10.33333333;15;17.33333333;18
PP_3843;98.33333333;140;68;566
PP_3844;9.666666667;8.666666667;10.33333333;12.33333333
PP_3845;3;3;3.666666667;4.666666667
PP_3846;12;10.66666667;12;19.66666667
PP_3847;28.33333333;42.33333333;39.33333333;63.33333333
PP_3848;16.33333333;17;29.33333333;26.66666667
PP_3849;21;11.66666667;14.66666667;17
PP_3850;32.66666667;32.33333333;39.33333333;36.33333333
PP_3851;42;93;92;184
PP_3852;56;85.33333333;83.66666667;109.3333333
PP_3853;41.66666667;39.33333333;61.66666667;50
PP_3854;8;4;3;6
PP_3855;7;4;3.333333333;6
PP_3856;8;4.333333333;7.666666667;2.666666667
PP_3857;17.33333333;14.33333333;14.66666667;16
PP_3858;10;12;8.666666667;9.333333333
PP_3859;3.666666667;3.333333333;2;2.666666667
PP_3860;4;3.333333333;2.333333333;3
PP_3861;7;2.333333333;2.333333333;0.333333333
PP_3862;1;2;2;3
PP_3863;6.666666667;2.666666667;4.666666667;2.666666667
PP_3864;7.666666667;5.666666667;7.333333333;5.333333333
PP_3865;9;8;6.666666667;8
PP_3866;15.66666667;14.66666667;9;17.33333333
PP_3867;14.33333333;15;15.33333333;21
PP_3868;26.33333333;28;30.33333333;22.66666667
PP_3869;7.333333333;0.666666667;5.333333333;0.666666667
PP_3870;15.33333333;2;5.666666667;0
PP_3871;13.33333333;0.333333333;4.333333333;0
PP_3872;0;0;1.333333333;0
PP_3873;12;1.666666667;8.666666667;3.333333333
PP_3874;33;5.333333333;12;9.666666667
PP_3875;9;1;3.666666667;2.333333333
PP_3876;16.66666667;9.333333333;7.666666667;5.666666667
PP_3877;9.333333333;0.666666667;2;0.333333333
PP_3878;5.666666667;1.666666667;2.666666667;3.666666667
PP_3879;8.333333333;4;5;4.333333333
PP_3880;1.333333333;1;1.666666667;0.333333333
PP_3881;6.333333333;3.666666667;4.333333333;4.333333333
PP_3882;5.333333333;3.333333333;3.333333333;1.333333333
PP_3883;9.333333333;2.333333333;3;2
PP_3884;6.333333333;2.333333333;5.333333333;1.333333333
PP_3885;30.33333333;14.33333333;22.33333333;15
PP_3886;81.66666667;77.66666667;77.33333333;35.33333333
PP_3887;5.333333333;11;7.666666667;5.666666667
PP_3888;3.333333333;2.333333333;8.666666667;12.66666667
PP_3889;1;1;1;2.333333333
PP_3890;6.333333333;9;8.333333333;7.333333333
PP_3891;1.333333333;1.333333333;2.333333333;2.333333333
PP_3892;5.333333333;1.666666667;1.666666667;10.66666667
PP_3893;2.333333333;1;0.666666667;0.333333333
PP_3894;6;7;5;12.66666667
PP_3895;9;10.33333333;20;3.666666667
PP_3896;551.3333333;394.6666667;643;432.6666667
PP_3897;266.3333333;199.6666667;210;216
PP_3898;181.6666667;112.6666667;105.6666667;105.6666667
PP_3899;89.66666667;660.6666667;99.66666667;161
PP_3900;335.3333333;2628.666667;387;447.3333333
PP_3901;308.3333333;353.6666667;501;80.33333333
PP_3902;7.333333333;4.666666667;2.666666667;4
PP_3903;8.333333333;20.33333333;20;10.66666667
PP_3904;5399;2300;5189;6345.666667
PP_3905;0.333333333;1.666666667;1.666666667;0.333333333
PP_3906;1.666666667;6.333333333;1.666666667;1
PP_3907;3.666666667;5;3;1.333333333
PP_3908;8.333333333;8;3.333333333;1.666666667
PP_3909;2574.333333;1706.666667;5613.666667;3468
PP_3910;6.666666667;8.333333333;5.333333333;5.333333333
PP_3911;1.666666667;4.666666667;3.333333333;3.333333333
PP_3912;7.333333333;8.666666667;8;4
PP_3913;3.666666667;4;2.666666667;0.666666667
PP_3914;14.66666667;6.666666667;12;3.333333333
PP_3915;1.333333333;4.333333333;5.666666667;4
PP_3916;2.333333333;4.333333333;4.333333333;1.333333333
PP_3917;1;0.666666667;2.333333333;0.666666667
PP_3918;0;1;0.666666667;0.333333333
PP_3919;0.666666667;0.666666667;0.666666667;0
PP_3920;5.333333333;11.66666667;11;16
PP_t59;5839;5055;5812.666667;966.3333333
PP_3921;3652.333333;4037;4227.666667;579.3333333
PP_3922;178.6666667;193.6666667;180.6666667;128.3333333
PP_3923;81.33333333;103.6666667;93.33333333;205.3333333
PP_3924;664.6666667;1244;720;1308.666667
PP_3925;11.33333333;24.66666667;10.66666667;23
PP_3926;7.333333333;21.33333333;12;21.66666667
PP_3927;108;154.6666667;75;37.33333333
PP_3928;6.333333333;5;13;3.666666667
PP_3929;131.6666667;290.6666667;106.3333333;21
PP_3930;60.66666667;35.66666667;28;5.666666667
PP_3931;10.33333333;15.33333333;13;15
PP_3932;50.33333333;36.66666667;67.66666667;33.66666667
PP_3933;10.33333333;7.666666667;11;10
PP_3934;25.66666667;22.66666667;24.33333333;12
PP_3935;12.33333333;6;10.33333333;6
PP_3936;4.333333333;5.333333333;7;5
PP_3937;16.66666667;20;12.33333333;32.66666667
PP_3938;581.6666667;1291;584.3333333;549.3333333
PP_3939;10.66666667;14;12.66666667;21.33333333
PP_3940;6.333333333;5;8.333333333;6.666666667
PP_3941;0.333333333;2.666666667;5;5.333333333
PP_3942;7.333333333;5.666666667;7.666666667;16.33333333
PP_3943;3;3.333333333;1;2.333333333
PP_3944;2.333333333;2.333333333;1.666666667;2.666666667
PP_3945;4;4.333333333;9.666666667;7.666666667
PP_3946;11;18;8.333333333;6.333333333
PP_3947;0;0;1;0.333333333
PP_3948;1;0.666666667;1;0.666666667
PP_3949;16.66666667;28;34.66666667;55.33333333
PP_3950;13.66666667;22.66666667;17.66666667;25.66666667
PP_3951;8.666666667;14.33333333;624;9.333333333
PP_3952;4.333333333;8.666666667;372;6
PP_3953;46;37;73;41.33333333
PP_3954;48.66666667;126.3333333;85;236.6666667
PP_3955;14.33333333;13.33333333;23;44.66666667
PP_3956;11;20.33333333;21.66666667;95
PP_3957;60;87;68.33333333;72.33333333
PP_3958;81.66666667;149;72;67.33333333
PP_3959;22.66666667;27.33333333;24.33333333;29.33333333
PP_3960;53.66666667;35.33333333;54.33333333;55.33333333
PP_3961;10.33333333;7.333333333;17;3.333333333
PP_3962;2.333333333;3.666666667;6.666666667;2.666666667
PP_3963;567.3333333;1911;838.6666667;2362.666667
PP_3964;39.66666667;26;47.33333333;25
PP_3965;2;2.666666667;1.666666667;4
PP_3966;7.333333333;4.333333333;5.333333333;9.666666667
PP_3967;3.333333333;3;2;1.666666667
PP_3968;42;151.6666667;94;277
PP_3969;5;27;6;2.333333333
PP_3970;2;3.333333333;5;4
PP_3971;1.666666667;4.666666667;2.666666667;1
PP_3972;27.66666667;33.66666667;34;44
PP_3973;22;15.66666667;15;17
PP_3974;73.33333333;64.66666667;65.66666667;61.33333333
PP_3975;11.66666667;18;14;21.33333333
PP_3976;2.333333333;7;4.666666667;4.666666667
PP_3977;76;87.33333333;79;87
PP_3978;156.6666667;221.6666667;249.6666667;380.6666667
PP_3979;3.666666667;4.666666667;7.333333333;12.33333333
PP_3980;1.333333333;1.333333333;3.666666667;0.666666667
PP_3981;45.33333333;30;61.33333333;28.66666667
PP_3982;48;139.6666667;68.33333333;131.3333333
PP_3983;103;90.66666667;64.66666667;96
PP_3984;56;87;63.33333333;146.3333333
PP_3985;105.6666667;63.33333333;93;64
PP_3986;3.333333333;2;6;2.333333333
PP_3987;13.66666667;10.66666667;16;17
PP_3988;221.3333333;374;208.3333333;388
PP_3989;331.6666667;409.6666667;360.3333333;576.3333333
PP_t60;1419.333333;1666;2617;375
PP_3990;795.3333333;2344.666667;863;1201.333333
PP_3991;59.33333333;202;44;46
PP_3992;27.33333333;8;31;10
PP_3993;69.33333333;67.33333333;51;50.66666667
PP_3994;56.33333333;38;36;33.33333333
PP_3995;34.66666667;39;35;20.66666667
PP_3996;53.33333333;30.33333333;20;18
PP_3997;47;45;33;36
PP_3998;23.66666667;47.33333333;33;73
PP_3999;119;69.66666667;95;73
PP_4000;161;118.3333333;92.33333333;91.66666667
PP_4001;170;102;190.6666667;152
PP_4002;72.33333333;39;53.33333333;33.33333333
PP_4003;154.6666667;123;146;100.6666667
PP_4004;145.3333333;101;134.3333333;91.66666667
PP_4005;92;68;81;55.33333333
PP_4006;44.33333333;92.66666667;45.66666667;83.66666667
PP_4007;23148.66667;4942;14783.66667;2779
PP_4008;348.3333333;554.6666667;386.3333333;626
PP_4009;556.3333333;1029;681.6666667;1123.333333
PP_4010;545.3333333;2801.333333;1723.333333;11064.33333
PP_4011;94;708.3333333;202.6666667;416.6666667
PP_4012;1034.333333;584.6666667;393.3333333;224
PP_4013;27;17.66666667;10.33333333;9
PP_4014;137.3333333;87;102;105.6666667
PP_4015;81;54;70;46.66666667
PP_4016;378;140.6666667;171;88.66666667
PP_4017;53.33333333;16.33333333;27.33333333;11.66666667
PP_4018;61.33333333;18.33333333;48;17.33333333
PP_4019;15;9.333333333;10.66666667;5.333333333
PP_4020;5.666666667;4.333333333;4.666666667;6.333333333
PP_4021;18;156.6666667;25.66666667;87.33333333
PP_4022;198.3333333;152;269.3333333;365.3333333
PP_4024;24;15;27;26.66666667
PP_4025;283;152.3333333;237.6666667;149
PP_4027;39;50;44.33333333;116.6666667
PP_4028;26.33333333;29.66666667;35;11.33333333
PP_4029;43;59.33333333;50;62.66666667
PP_4030;115.6666667;145.6666667;148;157
PP_4031;28;18;36.66666667;17.66666667
PP_4032;24;32.66666667;34.33333333;16
PP_4033;15;14.66666667;14.66666667;7.666666667
PP_4034;11.66666667;46;41.66666667;425
PP_4035;18.66666667;67.33333333;83.33333333;783.6666667
PP_4037;16.33333333;32.66666667;34.33333333;193.3333333
PP_4038;26.66666667;51.33333333;74.33333333;399.3333333
PP_4040;48;60.33333333;45.33333333;69.66666667
PP_4041;16.66666667;32.33333333;15.66666667;32.33333333
PP_4042;24.66666667;52.66666667;24.66666667;60
PP_4043;33;78;21.66666667;44.66666667
PP_4044;611;538.3333333;755.3333333;1513.333333
PP_4045;8.333333333;4.333333333;4;7.666666667
PP_4046;9.666666667;14.33333333;10;11.33333333
PP_4047;20.66666667;42.33333333;24;40.33333333
PP_4048;7;14;12.33333333;20
PP_4049;0;0.333333333;0.333333333;0.666666667
PP_4050;47.66666667;177;60;171.3333333
PP_4051;52;115;96.33333333;169.6666667
PP_4052;10.33333333;34;14.33333333;38
PP_4053;20.33333333;61.66666667;40.66666667;89
PP_4054;56.33333333;208.6666667;136.6666667;725.6666667
PP_4055;22.33333333;80;44.66666667;106.6666667
PP_4056;22.33333333;53;36.33333333;84.33333333
PP_4057;1.666666667;3.333333333;9;11.33333333
PP_4058;21.66666667;83;26.33333333;45
PP_4059;8.666666667;35.66666667;12.66666667;27.66666667
PP_4060;10.66666667;72.66666667;24.66666667;60.33333333
PP_4061;16;8.666666667;14.33333333;10.33333333
PP_4062;1.666666667;1.333333333;3.666666667;5.333333333
PP_4063;11;10.66666667;9.666666667;17
PP_4064;32.33333333;46.33333333;26.66666667;49.33333333
PP_4065;13;15.66666667;16.66666667;14.33333333
PP_4066;9;8.666666667;6.333333333;5
PP_4067;12.33333333;11.33333333;20.33333333;23
PP_4068;92;173;111;147.3333333
PP_4069;29;12;11.33333333;4.666666667
PP_4070;3.666666667;4.333333333;2.333333333;0
PP_4071;10;14.66666667;15.66666667;17.33333333
PP_4072;1.333333333;4;3;5.333333333
PP_4073;3.666666667;5.333333333;3.666666667;8.333333333
PP_4074;0.666666667;1.333333333;0.333333333;2
PP_4076;0;0;0;0
PP_4077;1;0.666666667;1;0.666666667
PP_4078;1;0;0.333333333;0.333333333
PP_4079;0.666666667;0;0.666666667;0
PP_4080;1.333333333;1.333333333;0.666666667;0.333333333
PP_4081;2.666666667;0.666666667;0.333333333;1
PP_4082;8;8.666666667;7;7
PP_4084;3.666666667;2;0.333333333;0.333333333
PP_4085;14;10;17.66666667;17
PP_4086;2;3.333333333;7;2.333333333
PP_4087;22.33333333;8.333333333;7;9
PP_4091;142;73.33333333;118.3333333;72.33333333
PP_4092;8.333333333;8.333333333;11.33333333;10.33333333
PP_4094;91.33333333;40.66666667;72.33333333;75
PP_4095;3;2;2;1.666666667
PP_4096;8;26.66666667;14.66666667;3.666666667
PP_t61;4150.666667;2125.333333;3282.666667;512
PP_4097;428.6666667;187.3333333;304.3333333;142.6666667
PP_4098;78;41.33333333;50.33333333;56.66666667
PP_4099;273.3333333;254.3333333;262.6666667;231
PP_4100;87;200.6666667;71.33333333;178.6666667
PP_4101;16.66666667;23;18.66666667;52
PP_4102;44;107;72.33333333;177.6666667
PP_4103;6.666666667;9.666666667;8;23.66666667
PP_4104;84.33333333;69.66666667;56.66666667;67.66666667
PP_4105;68;47.66666667;32;29
PP_4106;8;7.666666667;6.666666667;9.333333333
PP_4107;11;7;8.333333333;9
PP_4108;21.33333333;26;28.66666667;28.33333333
PP_4109;165;113.3333333;128;126.6666667
PP_4110;12.66666667;10;9.666666667;13
PP_4111;39.33333333;173;95;286
PP_4113;5;7;4.666666667;6
PP_4114;13;18.33333333;11.66666667;12.33333333
PP_4115;30.66666667;41.66666667;22;29.33333333
PP_4116;48.66666667;137.6666667;495.3333333;53
PP_4117;39.33333333;49.66666667;59;100.3333333
PP_4118;16;78;50.66666667;171.6666667
PP_4119;1394.333333;1306;1301;1690.333333
PP_4120;843.6666667;837;651.3333333;797.3333333
PP_4121;245.3333333;264.6666667;93.33333333;114.3333333
PP_4122;362;333.3333333;193.6666667;316.3333333
PP_4123;214.3333333;225.6666667;93;122
PP_4124;311.3333333;309;158.3333333;191.3333333
PP_4125;199;176.3333333;109.3333333;104.3333333
PP_4126;258.3333333;223.3333333;131.6666667;128.3333333
PP_4127;249;186.6666667;140;120.3333333
PP_4128;141;133.3333333;66;71.33333333
PP_4129;273.6666667;220;176.6666667;167.3333333
PP_4130;250;202;137.3333333;193
PP_4131;264.3333333;180.3333333;157;148
PP_4132;12.33333333;16;24;14.66666667
PP_4133;60.33333333;106.3333333;75.66666667;143.6666667
PP_4134;1;2.333333333;1.666666667;5.666666667
PP_4135;1;2.333333333;0;3
PP_4136;4;4.666666667;6.666666667;8.333333333
PP_4137;6.666666667;7.333333333;7;4.666666667
PP_4138;78;404;136;221.6666667
PP_4139;80;111.6666667;112;82
PP_4141;169;130;117;107.6666667
PP_4142;178;177;193.3333333;210
PP_4143;87;102.3333333;90;93.66666667
PP_4144;75.66666667;72.33333333;65.66666667;82.33333333
PP_4145;190.3333333;123.3333333;212.6666667;241.6666667
PP_4146;73.66666667;38;63.33333333;45.33333333
PP_4147;36.33333333;22.33333333;25.66666667;22.66666667
PP_4148;47.66666667;33.33333333;39;31.66666667
PP_4149;86.66666667;37.66666667;54.33333333;23.33333333
PP_4150;45;35;38;39.33333333
PP_4151;77.66666667;72.33333333;73;69.66666667
PP_4152;54.66666667;45.33333333;45.33333333;43
PP_4153;4.333333333;9.666666667;5.333333333;14.66666667
PP_4154;24;20;17;15
PP_4155;12.66666667;15;12.33333333;15.33333333
PP_4156;10;12;8.333333333;7.333333333
PP_4157;39;51.66666667;50;78.33333333
PP_4158;18.33333333;17.66666667;14.66666667;16
PP_4159;2.333333333;2;2;2
PP_4161;6.666666667;5;8;4.333333333
PP_4162;39.66666667;41.66666667;49.66666667;37.66666667
PP_4163;54.66666667;78.33333333;76;72.33333333
PP_4164;19.33333333;37.33333333;54;34.33333333
PP_4165;79.33333333;70.33333333;208.6666667;90.66666667
PP_4166;46.66666667;52.33333333;48;59
PP_4167;123;105;109.6666667;76.33333333
PP_4168;208.6666667;187.3333333;178.3333333;114.6666667
PP_4169;204.3333333;192.6666667;184.6666667;173.3333333
PP_4170;33.66666667;61.66666667;24;28.66666667
PP_4171;47;56.66666667;46.33333333;48.33333333
PP_4172;58.33333333;40.66666667;52;40.66666667
PP_4173;54.66666667;41.66666667;55.66666667;38
PP_4174;1225;1068.666667;857.3333333;999
PP_4175;630.6666667;689;462.3333333;612.3333333
PP_4176;4.666666667;13;11.33333333;7.666666667
PP_4177;22;43;33;33.33333333
PP_4178;209.6666667;176.3333333;174.3333333;240.6666667
PP_4179;480.6666667;256.6666667;336;141.3333333
PP_4180;12.33333333;15.66666667;31.33333333;27
PP_4181;16;18.66666667;61.33333333;34.66666667
PP_4182;451;225;576.6666667;162.6666667
PP_4183;104;122.6666667;129.3333333;92.33333333
PP_4184;51.66666667;28.33333333;34;19.33333333
PP_4185;1541.666667;1163;662;391.3333333
PP_4186;2157.666667;2089.666667;853.3333333;445.3333333
PP_4187;1618.333333;1706;981;449.6666667
PP_4188;759;850;289.6666667;158
PP_4189;789;1068;274.3333333;299.6666667
PP_4190;926;1167.666667;689.6666667;445
PP_4191;569;813.6666667;324;223
PP_4192;772.3333333;1970.666667;574.6666667;296.6666667
PP_4193;1249.666667;1774;1045.666667;679.3333333
PP_4194;933.6666667;834.6666667;695;360.6666667
PP_4195;106.6666667;101.3333333;143.3333333;75.33333333
PP_4196;237.3333333;197.6666667;237;237.3333333
PP_4197;74.33333333;77.66666667;80;143
PP_4198;113.6666667;101.3333333;107.6666667;86.66666667
PP_4199;109;92;104.6666667;92
PP_4200;104;112;115.6666667;126
PP_4201;593;588.6666667;485.3333333;318.3333333
PP_4202;801.3333333;792.6666667;514;349.3333333
PP_4203;165;144.6666667;127.6666667;53
PP_4204;848;944.6666667;830;908.3333333
PP_4205;273.6666667;363;188;338
PP_4206;38.66666667;34;48.33333333;38
PP_4207;22.33333333;50.33333333;40.66666667;152.6666667
PP_4208;26.33333333;26.66666667;15.66666667;19.66666667
PP_4209;2.666666667;4;4.333333333;2.666666667
PP_4210;0.333333333;1;0.666666667;1
PP_4211;0.333333333;0.666666667;1;1
PP_4212;6.666666667;5;8.666666667;8
PP_4213;4.333333333;4.333333333;3.333333333;2
PP_4214;0.333333333;0.666666667;0.666666667;0.333333333
PP_4215;3.333333333;2.666666667;2.333333333;1.666666667
PP_4216;2;1.333333333;1.666666667;0.333333333
PP_4217;3.333333333;4.666666667;4.333333333;2.666666667
PP_4218;2.666666667;1.666666667;3;1.666666667
PP_4219;4.333333333;3.666666667;5;4
PP_4220;4.333333333;5.333333333;7;5.333333333
PP_4221;2;1;1.333333333;1
PP_4222;12.66666667;14.66666667;17;13.66666667
PP_4223;4.333333333;4.666666667;3.333333333;4.333333333
PP_4224;54.33333333;56.33333333;79;75.33333333
PP_4225;17.66666667;24.33333333;15;10
PP_4226;0.666666667;1.666666667;2.333333333;3
PP_4227;18;21.66666667;21;16.33333333
PP_4228;7.333333333;8.333333333;6;13.33333333
PP_4229;3.666666667;3.666666667;3;3.666666667
PP_4230;31;32.66666667;34;47
PP_4231;131.3333333;125.6666667;132.6666667;114.6666667
PP_4232;13.66666667;12.66666667;14.66666667;10
PP_4233;7.333333333;4;1.333333333;3
PP_4235;6.666666667;11;9.666666667;12
PP_4236;7.333333333;11.33333333;9.666666667;10.33333333
PP_4237;15.33333333;26.33333333;16.66666667;29.66666667
PP_4238;6;10.33333333;5.333333333;10
PP_4239;8;0.666666667;8;2
PP_4240;5.333333333;3;2.333333333;4.666666667
PP_4241;0;0;1;0
PP_4242;15;10.66666667;16;18.66666667
PP_4243;2.666666667;3.333333333;3.333333333;3
PP_4244;6.666666667;33;25;21.66666667
PP_4245;40.33333333;91.33333333;87.33333333;153.3333333
PP_4246;146.3333333;159.6666667;234;131.6666667
PP_4247;50.66666667;108.6666667;92.66666667;171
PP_4248;5533.666667;2534.333333;4061;1309.666667
PP_4249;15;25.33333333;20;16.33333333
PP_4250;6.333333333;6.333333333;8.333333333;7.333333333
PP_4251;0.666666667;4.333333333;3.333333333;1.333333333
PP_4252;1.666666667;1;7;1
PP_4253;9;9.333333333;10.66666667;13.33333333
PP_4254;121.6666667;787;299.6666667;935.3333333
PP_4255;55.66666667;208;120.6666667;170.6666667
PP_4256;49;178.3333333;109.6666667;114
PP_4257;101.6666667;363.3333333;266.6666667;392.6666667
PP_4258;97;286.3333333;251.3333333;457
PP_4259;26.66666667;45.66666667;36.66666667;55.66666667
PP_4260;95.33333333;134;151;186
PP_4261;19.66666667;21;22;24.66666667
PP_4262;59.33333333;36.33333333;44.66666667;65.66666667
PP_4263;16.66666667;15;16.66666667;17.33333333
PP_4264;3;2.666666667;3.666666667;3
PP_4265;102.6666667;120;121.3333333;154
PP_4266;119;97.33333333;106;143.3333333
PP_4267;55;48.66666667;66.33333333;50
PP_4268;5035.333333;2669.333333;5067.666667;2623
PP_4269;201;134.3333333;154.6666667;154.6666667
PP_4270;34;94.33333333;74.66666667;167.3333333
PP_4271;148;178.6666667;157.3333333;157.6666667
PP_4272;2;3;2.333333333;7
PP_4273;15.66666667;28.66666667;10.66666667;24
PP_4274;98.66666667;65.66666667;70;41
PP_4275;669;567.3333333;765.3333333;449.3333333
PP_4276;66.33333333;57.33333333;60;65
PP_4277;219.3333333;165;249;167
PP_4278;8.666666667;15.33333333;7.666666667;12.66666667
PP_4279;10.66666667;15.33333333;9.666666667;13.33333333
PP_4280;11.33333333;5.333333333;6;9.333333333
PP_4281;11.66666667;9;7.666666667;9.666666667
PP_4282;26.66666667;115.3333333;48.66666667;195.3333333
PP_4283;414;348.6666667;461.6666667;391
PP_4284;10.33333333;10.66666667;16;25.33333333
PP_4285;73.66666667;248.6666667;126.3333333;126
PP_4286;15.33333333;17;8.666666667;10
PP_4287;26.33333333;20;17.33333333;27
PP_4288;31;24.33333333;23.33333333;35.33333333
PP_4289;16.66666667;11.33333333;12.33333333;13.33333333
PP_4290;12.33333333;5.333333333;13;11
PP_4291;3.333333333;2.333333333;5.666666667;3.666666667
PP_4292;107.6666667;40;45;8.666666667
PP_4293;46.33333333;16.33333333;24.66666667;18.66666667
PP_4294;48;65.66666667;47;51
PP_4295;231.6666667;197.3333333;260.3333333;193.6666667
PP_4296;4;8.666666667;9;16.66666667
PP_4297;9.333333333;39;8;5.666666667
PP_4298;23.66666667;29.33333333;17;15
PP_4299;29.66666667;39.33333333;29;28
PP_4300;4.666666667;2;2.333333333;1
PP_4301;6.666666667;4.666666667;5.666666667;4
PP_4302;8.333333333;5;7;4
PP_4303;39.66666667;71;42.33333333;86
PP_4304;111.6666667;104;147.6666667;115.3333333
PP_4305;158.6666667;109;129.6666667;73
PP_4306;72.66666667;55.33333333;66.33333333;54
PP_4307;38.66666667;30;37.33333333;37
PP_4308;80.66666667;38;80.66666667;36.33333333
PP_4309;10.33333333;9;13;20.33333333
PP_4310;8.333333333;5.333333333;7.333333333;68
PP_4311;17.66666667;28.66666667;22.33333333;31.33333333
PP_4312;21.66666667;27.33333333;22.33333333;15
PP_4313;45;59;50.66666667;66.33333333
PP_4314;53;178.6666667;75.33333333;201.3333333
PP_4315;34.33333333;29;38.66666667;13.66666667
PP_4316;29;14.66666667;30.66666667;11
PP_4317;3;3.333333333;1.666666667;0.333333333
PP_4318;28.33333333;31.66666667;24.33333333;29
PP_4319;66.33333333;99.33333333;101;93.33333333
PP_4321;65;75;87;86.66666667
PP_4322;46;49.66666667;70;64
PP_4323;127.6666667;120.3333333;211.6666667;227.6666667
PP_4324;44.66666667;30.66666667;38.33333333;36.33333333
PP_4325;61.66666667;57.33333333;88.33333333;88.66666667
PP_4326;31;46;42.33333333;47.66666667
PP_4327;55.66666667;36;37.66666667;36
PP_4328;38.66666667;48;55;117.6666667
PP_4329;16.66666667;24.33333333;31.66666667;64.66666667
PP_4330;10.66666667;11.33333333;13.33333333;14.66666667
PP_4331;81.33333333;79.66666667;96.66666667;73.66666667
PP_4332;142;205.3333333;144.6666667;190
PP_4333;121;108.6666667;194.3333333;203
PP_4334;137.3333333;139.3333333;111;154
PP_4335;83.33333333;66;121.3333333;146
PP_4336;72.66666667;59;116;187.3333333
PP_4337;81.33333333;77.33333333;113;181.6666667
PP_4338;151;172.3333333;223;365.6666667
PP_4339;166;210.6666667;185.6666667;303.3333333
PP_4340;255;296;372.6666667;548
PP_4341;380;432;699.6666667;899.3333333
PP_4342;95.33333333;130.6666667;113.3333333;196.6666667
PP_4343;195.6666667;244.3333333;246.6666667;314.6666667
PP_4344;88;138.3333333;104;139.6666667
PP_4345;418;293.3333333;377.6666667;351.3333333
PP_4346;51;72;57.33333333;77.33333333
PP_4347;1.333333333;2.333333333;1.333333333;1
PP_4348;5.333333333;5.666666667;7;6
PP_4349;20.66666667;12.66666667;11.66666667;15.33333333
PP_4350;9;6.666666667;5.666666667;5
PP_4352;43;35.33333333;59.66666667;49.66666667
PP_4353;35;27.66666667;50.66666667;51.33333333
PP_4354;73.33333333;42.33333333;100.6666667;165
PP_4355;27;31.66666667;40;40.33333333
PP_4356;44.33333333;33.66666667;39.66666667;43
PP_4357;82.33333333;106.6666667;63.33333333;122.3333333
PP_4358;81;78;72.66666667;105.6666667
PP_4359;138;199;179.6666667;230.6666667
PP_4360;12.33333333;37.66666667;27.33333333;150
PP_4361;58.66666667;117.3333333;100.3333333;278
PP_4362;92;308.3333333;129.6666667;326
PP_4363;51;212.3333333;114.3333333;333.6666667
PP_4364;180.3333333;1002.666667;1018.333333;3777.666667
PP_4365;38.33333333;23.33333333;36.33333333;48.33333333
PP_4366;78;101.3333333;105.6666667;125
PP_4367;84;81.33333333;94.66666667;162
PP_4368;149.3333333;150;170.6666667;239
PP_4369;154.6666667;148;188.6666667;222.6666667
PP_4370;337.6666667;474.6666667;339.3333333;365.6666667
PP_4371;33;42.33333333;43;85.66666667
PP_4372;30.33333333;33.33333333;38;94.66666667
PP_4373;236.3333333;344;230.3333333;315
PP_4374;341.3333333;544.6666667;399.3333333;1084.333333
PP_4375;497.3333333;602;626.3333333;2237.666667
PP_4376;793.6666667;977.6666667;930.6666667;2034
PP_4377;187;368.3333333;122.3333333;348.3333333
PP_4378;1087.666667;2729;1184.333333;3471.666667
PP_4379;201.3333333;256;145;154.3333333
PP_4380;92.66666667;144;131.6666667;253
PP_4381;80;101.6666667;95.33333333;174.6666667
PP_4382;71.33333333;86.33333333;111.3333333;257.3333333
PP_4383;54.33333333;72;69;147.3333333
PP_4384;87.66666667;120;101.6666667;199.3333333
PP_4385;116.3333333;193.6666667;128.6666667;343.3333333
PP_4386;132;263.3333333;176;376
PP_4387;26.66666667;32;18;61
PP_4388;97.33333333;206.3333333;131;434.6666667
PP_4389;70;146.6666667;74.33333333;264
PP_4390;92;195.3333333;113.6666667;416.3333333
PP_4391;332.3333333;543.3333333;902.3333333;2593
PP_4392;114.6666667;142.3333333;155.3333333;280.6666667
PP_4393;278.3333333;341.3333333;480.6666667;919
PP_4394;77;61;68.33333333;244.6666667
PP_4395;2515;2687.333333;4109.666667;6436.333333
PP_4396;230;311.6666667;325.6666667;829.3333333
PP_4397;134.3333333;133.6666667;112.6666667;240.6666667
PP_4398;50;56.33333333;65.66666667;49
PP_4399;22.66666667;26.66666667;27;42
PP_4400;72.33333333;53;74.33333333;78.66666667
PP_4401;12.33333333;16.66666667;12;24.66666667
PP_4402;8;15.66666667;11.33333333;22.66666667
PP_4403;79.33333333;65.33333333;59.33333333;37.66666667
PP_4404;26.66666667;34.33333333;36;73.66666667
PP_4405;35.66666667;47;45.66666667;83
PP_4406;88.33333333;177.3333333;154;642
PP_4407;12;18;16;47
PP_4409;4;4.333333333;4;15.33333333
PP_4410;10.66666667;7;10;11.33333333
PP_4411;24.33333333;40;40;57.33333333
PP_4412;25.33333333;37;34;49.66666667
PP_4413;6.666666667;15.33333333;16;47.33333333
PP_4415;14.33333333;49;25.66666667;71.33333333
PP_4414;21.33333333;10.66666667;19.33333333;12.33333333
PP_4416;18.66666667;45.66666667;38;173.6666667
PP_4417;22;31;61.66666667;53.66666667
PP_4418;28;65.33333333;52;172
PP_4419;43.33333333;35.66666667;46.33333333;33.33333333
PP_4420;18.33333333;16.33333333;18;29.33333333
PP_4421;120.3333333;117.6666667;140.3333333;68.66666667
PP_4422;2;2.666666667;1.666666667;3
PP_4423;8.333333333;19.66666667;14.66666667;20
PP_4424;357.3333333;207.3333333;310;210
PP_4425;4.333333333;9.666666667;7.333333333;15.66666667
PP_4426;5.333333333;21.33333333;15.33333333;25.66666667
PP_4427;7.333333333;11;6.333333333;18.66666667
PP_4428;11.66666667;23;19;55.66666667
PP_4429;42.66666667;47.66666667;27;33.66666667
PP_4430;13.66666667;12.33333333;8.333333333;11.33333333
PP_4431;5.333333333;11.33333333;7;8.333333333
PP_4432;13.33333333;16.33333333;16;14.66666667
PP_4433;5;8;9.666666667;5.333333333
PP_4434;15;21.66666667;16.33333333;34.66666667
PP_4435;292.6666667;236.3333333;265;452.3333333
PP_4437;4;3.333333333;7;10.66666667
PP_4438;3.666666667;2.666666667;3.666666667;2
PP_4439;43.66666667;32;64.66666667;26.66666667
PP_4441;2.333333333;2.333333333;9.666666667;8.333333333
PP_4442;1;1.333333333;1.333333333;3
PP_4443;43.33333333;27.33333333;57.33333333;25.33333333
PP_4444;6;4;3;5
PP_4445;3.333333333;5.333333333;5.666666667;12.66666667
PP_4446;9;17.66666667;18.33333333;27.66666667
PP_4447;654;992.3333333;571.6666667;805
PP_4448;344;716.6666667;225.3333333;484.3333333
PP_4449;21;63;32;152
PP_4450;35.66666667;50.66666667;45;78
PP_4451;72;34;62.66666667;37.33333333
PP_4452;6;7.666666667;9;18.33333333
PP_4453;14.66666667;24.66666667;14.66666667;21.66666667
PP_4454;9.666666667;25.66666667;14.33333333;16
PP_4455;10;15.66666667;10.66666667;11
PP_4456;5.666666667;12.33333333;4.333333333;7.333333333
PP_4457;3.333333333;8.333333333;3.333333333;5.666666667
PP_4458;12.66666667;21.66666667;13;13.66666667
PP_4459;16.33333333;43.33333333;19.66666667;33.66666667
PP_4460;181.3333333;175;215;212
PP_4461;4.333333333;3.666666667;5.666666667;7
PP_4462;0;2;2;3
PP_4463;4;3.666666667;4;2.666666667
PP_4464;1;3;4.666666667;8.333333333
PP_4465;5;8.333333333;9.333333333;28.33333333
PP_4466;108;97;102.6666667;112.6666667
PP_4467;41;38.66666667;39;29
PP_4468;127;128.6666667;156.3333333;198.6666667
PP_t62;635.6666667;639.3333333;514.3333333;741
PP_t63;448;595;470.6666667;485
PP_4469;34.33333333;71.33333333;43;98
PP_4470;554;643.3333333;569.6666667;1107.666667
PP_4471;85;62.66666667;60.66666667;28.33333333
PP_t64;6139.666667;2738;3761.333333;899
PP_t65;4777.666667;2838.333333;2508.333333;648
PP_t66;6340.666667;4460;3350.333333;1232.666667
PP_t67;6176;3878;3502.333333;1810.666667
PP_t68;20853.66667;11600.66667;17279.66667;6210.333333
PP_4472;729.3333333;304;1023.333333;321
PP_4473;751;513;482.6666667;316.6666667
PP_4474;466.3333333;256.6666667;453.3333333;196
PP_4475;95.66666667;111;81.66666667;114.6666667
PP_4476;325;286.3333333;250.3333333;336.3333333
PP_4477;133.6666667;200.6666667;168;258
PP_4478;31;23.66666667;26.66666667;16.33333333
PP_4479;77.33333333;54;75;39
PP_4480;116.3333333;71.66666667;126.6666667;94
PP_4481;122.6666667;81;82.33333333;59
PP_4482;61;63;71.33333333;39.33333333
PP_4483;61;41;84.66666667;54.66666667
PP_4484;58;34;74.66666667;55.33333333
PP_4485;36.33333333;26.33333333;53.33333333;27
PP_4486;177;200.6666667;245;105.3333333
PP_4487;94.66666667;105;287;60.66666667
PP_4488;3.333333333;2.666666667;13.66666667;4
PP_4489;26;25.33333333;23.66666667;27.33333333
PP_4490;9.666666667;11;13;18.33333333
PP_4491;23.66666667;55.66666667;65.66666667;94
PP_4492;17.33333333;7.666666667;10.33333333;7.333333333
PP_4493;81.33333333;23;43.33333333;9.666666667
PP_4494;3.333333333;5.666666667;4.333333333;4
PP_4495;197.6666667;96.33333333;186;59.33333333
PP_4497;48;42.66666667;50;71
PP_4498;36.33333333;44;31.66666667;48.33333333
PP_4499;143;240;198;425.6666667
PP_4500;272.3333333;249.3333333;320.6666667;405.6666667
PP_4501;135.3333333;120.6666667;159.3333333;167.6666667
PP_4502;394;253.3333333;303.3333333;257.6666667
PP_4503;184;167.6666667;137;128.6666667
PP_4504;40.33333333;197;102.3333333;45.33333333
PP_4505;31.33333333;23.33333333;33.66666667;16
PP_4506;366.3333333;352.3333333;280.6666667;180.3333333
PP_4507;98.33333333;35.33333333;91;29.66666667
PP_4508;105.6666667;219.3333333;111.6666667;306.6666667
PP_4509;16;51.33333333;25;73.33333333
PP_4510;4.333333333;6.333333333;5;8.666666667
PP_4511;14;17.66666667;19.66666667;16.66666667
PP_4512;8;8.333333333;9.666666667;6.666666667
PP_4513;35.33333333;37;28;29
PP_4514;17;22.33333333;20;20.33333333
PP_4515;132.6666667;106;312.3333333;106.3333333
PP_4516;62.66666667;50.33333333;52;46.33333333
PP_4517;393.6666667;442.6666667;372.6666667;532.3333333
PP_4518;68.33333333;56.33333333;53.66666667;65.33333333
PP_4519;436.3333333;681.6666667;383.6666667;308.6666667
PP_4520;53.66666667;38.66666667;61;109.6666667
PP_4521;30.66666667;144.6666667;69.66666667;383.3333333
PP_4522;24.33333333;24.33333333;27.66666667;12.66666667
PP_4523;3;3.666666667;4.666666667;4.666666667
PP_4524;14.33333333;13.66666667;21.33333333;25
PP_4525;22.66666667;63.66666667;38;50.33333333
PP_4526;0.666666667;0.666666667;1;0.333333333
PP_4527;77;57.66666667;87.33333333;58
PP_4528;31.66666667;38.66666667;25.33333333;33
PP_4529;181;219;157;196
PP_4530;473.6666667;468.6666667;431;407
PP_4531;4.333333333;6;11.33333333;9
PP_4532;142.3333333;117;101.3333333;95
PP_4533;53.33333333;38.33333333;46.66666667;32
PP_4534;618.3333333;236.3333333;595.6666667;633.3333333
PP_4535;46;68;37.33333333;41.66666667
PP_4537;55.33333333;36.66666667;51;18.33333333
PP_4538;4;2.333333333;15.66666667;1.666666667
PP_4539;27.66666667;38.33333333;19.66666667;35
PP_4540;29;74;27.33333333;48
PP_4541;101.3333333;177.3333333;87.66666667;80.66666667
PP_4542;42.33333333;54.66666667;45.33333333;48
PP_4543;47.66666667;43.66666667;52;53.66666667
PP_4544;7.666666667;11.33333333;14.33333333;16.33333333
PP_4545;111.6666667;190.3333333;125.6666667;173
PP_4546;64;41;44.33333333;46.66666667
PP_4547;2;2;4.666666667;1
PP_4548;3.333333333;3;5.333333333;4.666666667
PP_4549;165.6666667;146.3333333;126.6666667;88.66666667
PP_4550;23.66666667;55.66666667;44.33333333;60
PP_4551;118;102.3333333;124.6666667;91.66666667
PP_4552;143.6666667;128.3333333;113.3333333;120.3333333
PP_4553;4.666666667;24;13;46
PP_4554;6;53;11;84
PP_4555;15.33333333;112.6666667;36.33333333;156
PP_4556;10.66666667;43.33333333;18.66666667;79.66666667
PP_4557;14;81;68.33333333;43.66666667
PP_4558;24;34.33333333;16;9.333333333
PP_4559;43.66666667;49.33333333;32.33333333;40.33333333
PP_4560;92;132;117;149.3333333
PP_4561;482.3333333;1076;4292.666667;725.3333333
PP_4562;177;79.66666667;138;82.66666667
PP_4563;121;115.6666667;82.33333333;105
PP_4564;7.333333333;23;10.33333333;24
PP_4565;10;35;15.66666667;45.66666667
PP_4566;11.33333333;6;9.666666667;5.333333333
PP_4567;26.33333333;17.33333333;26;19
PP_4568;23.33333333;13;22.33333333;8
PP_4569;2586.333333;1761;4398.333333;2576.666667
PP_4570;172.3333333;187.6666667;172;146.3333333
PP_4571;152;227.6666667;135.6666667;183.3333333
PP_4572;5;4.333333333;6;8.333333333
PP_4573;82.33333333;119.3333333;69.66666667;96.66666667
PP_4574;52.33333333;52.66666667;45;50.66666667
PP_4575;32.33333333;116.6666667;51.66666667;185.3333333
PP_4576;179.3333333;749.6666667;430.6666667;796
PP_4577;20.33333333;29.66666667;22;24.66666667
PP_4578;5.333333333;5;5;5
PP_4579;29;27.33333333;43;39.33333333
PP_4580;183;133.3333333;160.6666667;102.6666667
PP_4581;151.3333333;182.6666667;163.3333333;126.6666667
PP_4582;109.3333333;68.66666667;105;65.66666667
PP_4583;30;29.66666667;21.33333333;24.66666667
PP_4584;227.6666667;288.3333333;245;445.6666667
PP_4585;107.6666667;62;103.3333333;68
PP_4586;60.66666667;58.33333333;52;43.33333333
PP_4587;146.6666667;147.3333333;136.3333333;104.6666667
PP_4588;215.6666667;241;201;218.6666667
PP_4589;47.33333333;27;30.66666667;18.33333333
PP_4590;90.66666667;51;47.66666667;39.66666667
PP_4591;107.3333333;88;96.66666667;92
PP_4592;20;12.66666667;30;16.33333333
PP_4593;2129.333333;13132;6485;13324
PP_4594;46.33333333;51;49.66666667;54.66666667
PP_4595;69.66666667;71.66666667;74.33333333;72
PP_4596;5.333333333;6.666666667;21;6
PP_4597;33;49.66666667;56;70.33333333
PP_4598;13.66666667;18;26.33333333;15
PP_4599;17.66666667;22;18;23.33333333
PP_4600;10.33333333;14.66666667;85.66666667;16.66666667
PP_4601;38.33333333;38.66666667;40.33333333;32.33333333
PP_4602;24.66666667;58.33333333;30.33333333;68
PP_4603;5.666666667;16;7.666666667;8.666666667
PP_4604;1;1.666666667;1.666666667;4.666666667
PP_4605;27;19;24.66666667;18
PP_4606;7.666666667;11.66666667;10;8.666666667
PP_4607;5.333333333;3.666666667;6.666666667;3.333333333
PP_4608;11.33333333;7.333333333;6;7
PP_4609;4.666666667;5;4.333333333;7.666666667
PP_4610;5;5.666666667;8;6
PP_4611;5.666666667;4;3.333333333;3.333333333
PP_4612;8.666666667;6;6.333333333;4.333333333
PP_4613;0.666666667;4.666666667;1.333333333;2.333333333
PP_4614;16.33333333;52.33333333;46.33333333;12.66666667
PP_4615;20;24.33333333;16;20.66666667
PP_4616;143.3333333;196.3333333;168;93.66666667
PP_4617;12.66666667;57.33333333;27.33333333;138.6666667
PP_4618;14.66666667;35;16.33333333;31.66666667
PP_4619;4.666666667;15.66666667;6;9.666666667
PP_4620;8;20.33333333;10.66666667;9
PP_4621;10.33333333;7.333333333;10.66666667;5
PP_4622;35.66666667;38.33333333;36.66666667;41.33333333
PP_4623;12.66666667;12.66666667;12.66666667;12.33333333
PP_4624;7.666666667;25.66666667;11;23.33333333
PP_4625;4.333333333;5.333333333;5.333333333;4.333333333
PP_4626;5.666666667;10;7;7.666666667
PP_4627;9.333333333;6.666666667;8;5.666666667
PP_4628;76.66666667;58.33333333;63.33333333;47
PP_4629;153.3333333;196.6666667;177;235
PP_4630;36.66666667;57;27;49.33333333
PP_4631;9.666666667;6;4.666666667;6
PP_4632;122;82;78.66666667;63.66666667
PP_4633;439.3333333;304.3333333;278.3333333;231
PP_4634;19.33333333;23.66666667;30.66666667;73.66666667
PP_4635;243.3333333;219.6666667;156;108.6666667
PP_4636;6.333333333;5.333333333;5.333333333;6
PP_4637;135;17.33333333;48;28
PP_4638;18;20;17;21
PP_4639;42.66666667;56.66666667;32.66666667;34.33333333
PP_4640;457;651.3333333;579.6666667;379
PP_4641;167.6666667;225;197;147.6666667
PP_4642;33;93.66666667;41.33333333;183
PP_4643;4.666666667;13.33333333;8;27
PP_4644;69;61.33333333;70.33333333;47.33333333
PP_4645;782.3333333;944.6666667;933;723.6666667
PP_4646;147.6666667;195;98;96
PP_4647;88.33333333;223;121.6666667;443.6666667
PP_4648;30.33333333;21.33333333;23.66666667;23.66666667
PP_4649;84;405.6666667;229;735.3333333
PP_4650;17.66666667;78.33333333;25.66666667;84.66666667
PP_4651;11.33333333;72.33333333;21;59
PP_4652;37.66666667;13.66666667;34;22
PP_4653;58;36;44.33333333;24
PP_4654;31.66666667;23;24;20
PP_4655;10.66666667;4;188;6
PP_4656;17.33333333;10.33333333;413.3333333;16
PP_4657;36.66666667;92.33333333;66;148.3333333
PP_4658;82.66666667;75.66666667;126.3333333;121.3333333
PP_4659;57;58.66666667;107.3333333;107.3333333
PP_4660;17;16.66666667;14;22.66666667
PP_4661;10.66666667;11.33333333;11;11
PP_4662;16;11;14.33333333;14.66666667
PP_4663;3.333333333;4.666666667;4.333333333;2.666666667
PP_4664;6.333333333;7;8.666666667;5.333333333
PP_4665;17;54.66666667;28.33333333;38.33333333
PP_4666;72.33333333;185.3333333;128.6666667;165.6666667
PP_4667;8.333333333;36;13;23.33333333
PP_4668;21.66666667;16.33333333;14.66666667;11.33333333
PP_4669;127;92.66666667;78.33333333;74.33333333
PP_4670;78;66.33333333;57.66666667;75
PP_4671;142.3333333;125.6666667;195;129
PP_4672;25.33333333;27.66666667;26.66666667;32
PP_4673;22.33333333;23;14;15.66666667
PP_4674;23.33333333;24.33333333;18;23
PP_5SG;461088.3333;383441.6667;473362.6667;242526.6667
PP_23SG;1786149;1608501.667;1603667.333;1178312.333
PP_t69;1256.666667;594.3333333;524.6666667;203
PP_t70;20959.33333;8169.666667;10351.66667;3664.333333
PP_16SG;2254526.333;1583173.333;2252690;1733056.333
PP_4675;12;9.666666667;10;15.66666667
PP_4676;12;16.66666667;11.33333333;6
PP_4677;163;115;157;125
PP_4678;2633;831;1819.666667;1035.333333
PP_4679;1162.666667;329;716.6666667;410.3333333
PP_4680;624.3333333;227.3333333;375.3333333;190.3333333
PP_4681;174.3333333;202.3333333;193.3333333;200.6666667
PP_4682;186.3333333;152;167;161.6666667
PP_4683;159.3333333;106;148;110
PP_4684;145.3333333;122;104;111.3333333
PP_4685;462.3333333;2094;1777.333333;5555.666667
PP_4686;12.33333333;26.66666667;16.33333333;30.66666667
PP_4687;11.33333333;12.33333333;13;15.66666667
PP_4688;9.333333333;10.66666667;9.666666667;7.333333333
PP_4689;14.33333333;21.66666667;17.33333333;21.66666667
PP_4690;71.66666667;54.33333333;62;58.33333333
PP_4691;40.33333333;37.33333333;35.66666667;31
PP_4692;43;36;31;22.66666667
PP_4693;2560.333333;1668.333333;2448;2361.666667
PP_4694;34.66666667;18;28;21.66666667
PP_4695;37.66666667;27.33333333;37;42.66666667
PP_4696;130;128.3333333;130;173.3333333
PP_4697;173;118.3333333;152.3333333;156
PP_4698;75.33333333;47.66666667;63.33333333;50.66666667
PP_4699;92;92.33333333;40.66666667;30
PP_4700;107.3333333;105.3333333;78;49
PP_4701;93.66666667;95.33333333;67;95.33333333
PP_4702;22;46;31.66666667;69.66666667
PP_4703;23;24.66666667;19.33333333;34.33333333
PP_4704;58.33333333;89;86;169.3333333
PP_4705;16.33333333;35.33333333;26;25.66666667
PP_4706;10.33333333;28.66666667;29.66666667;24
PP_4707;63.66666667;166;1071.333333;432
PP_4708;395;323;277.6666667;140.3333333
PP_4709;27589.66667;10855.66667;30153;24286
PP_4711;154.6666667;90.33333333;125;83
PP_4712;455.3333333;270.3333333;276.3333333;104.6666667
PP_4713;636.6666667;361.3333333;410.3333333;183.3333333
PP_4714;821;487.3333333;796.6666667;558.6666667
PP_t71;3923.333333;2837.333333;4186.333333;2232.333333
PP_t72;3911;6056.333333;4548;2604.333333
PP_4715;1980.666667;1355.333333;1557;1108.333333
PP_4716;217;105.3333333;130.6666667;65
PP_4717;242.3333333;147.6666667;205;193.3333333
PP_4718;849.3333333;871;816.3333333;714.3333333
PP_4719;200.6666667;156;162.6666667;196.3333333
PP_4720;3519;1145.333333;2998.666667;854.3333333
PP_4721;267.6666667;205.6666667;257;194.3333333
PP_4722;914;835;957.3333333;1071
PP_4723;267;241.3333333;177;158
PP_4724;217.6666667;190.3333333;123;126.6666667
PP_4725;180.3333333;125.3333333;142.6666667;103.3333333
PP_4726;198.3333333;155.6666667;146.3333333;118.6666667
PP_4727;802.6666667;477;382;171.3333333
PP_4728;328.6666667;163.3333333;142;68.66666667
PP_4729;46.66666667;36;64.33333333;24.33333333
PP_4730;3365.333333;2789;3409.333333;3042.666667
PP_4731;1625.666667;1220.333333;1869.666667;1276
PP_4732;347.3333333;218;266.3333333;174.6666667
PP_4733;1873.333333;923.6666667;2200.666667;1706
PP_4734;53;189.3333333;57;54.33333333
PP_4735;5;243.6666667;4.666666667;1.666666667
PP_4736;6.333333333;131;7.333333333;6.666666667
PP_4737;4;44.33333333;2;1.666666667
PP_4738;9;27.66666667;106.3333333;20.33333333
PP_4739;93.66666667;42;74.33333333;95
PP_4740;66;72.66666667;62.66666667;79.66666667
PP_4741;105.3333333;66.33333333;68.33333333;54.33333333
PP_4742;107;76;93.33333333;80
PP_4743;110.3333333;51.66666667;81;66
PP_4745;159.6666667;101;140;88.33333333
PP_4746;14.33333333;7.666666667;13.66666667;11.33333333
PP_4748;48;38;72.33333333;55.66666667
PP_4749;3.333333333;8.333333333;6;7.666666667
PP_4750;3.333333333;9;6.333333333;10.66666667
PP_4751;9.333333333;13.33333333;13.66666667;11.66666667
PP_4752;7.666666667;18;9;15
PP_4753;35.33333333;40;33;40.33333333
PP_4754;34;43.33333333;31.33333333;40.33333333
PP_4755;0.666666667;1.333333333;1.333333333;1.333333333
PP_4756;37.33333333;33;43.33333333;47.33333333
PP_4757;11.33333333;9;12;7
PP_4758;7.333333333;12.66666667;11;16
PP_4759;12.66666667;15.33333333;24.33333333;7.666666667
PP_4760;30.66666667;55.66666667;34.66666667;55.33333333
PP_4761;42;37.66666667;26.66666667;35.66666667
PP_4762;59.33333333;65.33333333;37.66666667;41
PP_4763;9.666666667;18.33333333;12.33333333;16
PP_4764;31;21.33333333;27;20.66666667
PP_4765;36.33333333;17;30.33333333;33
PP_4766;54;30;47.66666667;34
PP_4767;37.66666667;17;45.33333333;13
PP_4768;39.66666667;31;22.33333333;18.33333333
PP_4769;130.6666667;84.66666667;102.3333333;77
PP_4770;73.66666667;48.66666667;56;31.66666667
PP_4771;40.66666667;24.66666667;40;37.33333333
PP_4772;20.33333333;17.33333333;15.33333333;16
PP_4773;102.3333333;116.6666667;166.3333333;173
PP_4774;42.33333333;40.33333333;35.66666667;23.33333333
PP_4775;2093;294;1661.666667;170
PP_4776;87.33333333;57.33333333;91.33333333;63
PP_4777;481;408.3333333;409.6666667;359.6666667
PP_4779;126.3333333;124;104;97.33333333
PP_4780;18;52.66666667;30.66666667;36
PP_4781;32;27.66666667;29.33333333;34.66666667
PP_4782;107;63;68;38.33333333
PP_4783;91;72.33333333;59.33333333;51
PP_4784;128.6666667;136;98.33333333;116.3333333
PP_4785;236;204;216.3333333;283.3333333
PP_4786;154.3333333;103;113;84.33333333
PP_4787;224;138;156.6666667;228
PP_4788;188;117.6666667;176.6666667;264.6666667
PP_4789;291.3333333;177.3333333;260;350.6666667
PP_4790;41.66666667;24.66666667;44.33333333;21.33333333
PP_4791;6.666666667;16.33333333;9.333333333;13.66666667
PP_4792;16;11;19.33333333;12
PP_4793;121;548.3333333;179.3333333;1972.333333
PP_4794;324.3333333;208.3333333;224.3333333;163.6666667
PP_4795;273.6666667;131.6666667;192.3333333;105
PP_4796;44.33333333;18;30.66666667;19
PP_4797;41;356.3333333;49;87.33333333
PP_4798;76.66666667;55.33333333;58.66666667;42
PP_4799;30.33333333;34.33333333;35;67
PP_4800;318;234;275.6666667;310
PP_4801;315.3333333;207;261.3333333;190
PP_4802;1224;905.3333333;1095.666667;701
PP_4803;604.6666667;557;567;236.6666667
PP_4804;271;176.6666667;208;171.6666667
PP_4805;225.6666667;152.3333333;213.6666667;165.6666667
PP_4806;109.6666667;38;90;24
PP_4807;126.3333333;43.33333333;99.66666667;29.33333333
PP_4808;219.6666667;107.3333333;151;97.33333333
PP_4809;440.3333333;263;427.6666667;389.3333333
PP_4810;501.3333333;244;451;257.3333333
PP_4811;216;158.3333333;166.6666667;154.6666667
PP_4812;210.6666667;143.3333333;149.6666667;96
PP_4813;71.66666667;42.66666667;56.66666667;28
PP_4814;90.66666667;148;112;233.3333333
PP_4815;88.33333333;145.6666667;144.3333333;247.3333333
PP_4816;71.33333333;58.33333333;92;70.33333333
PP_4817;35.66666667;230.6666667;75.66666667;430.6666667
PP_4818;230;133.6666667;192.6666667;114.6666667
PP_4819;90.33333333;54;81;63
PP_4820;583;375.6666667;502.6666667;453.3333333
PP_4821;900.6666667;545;829;1061.666667
PP_4822;316;172.3333333;175.6666667;152.6666667
PP_4823;216.6666667;124;157.3333333;123.6666667
PP_4824;157.3333333;86.66666667;132.6666667;104.3333333
PP_4825;46.66666667;34.33333333;34.33333333;38.33333333
PP_4826;40;25;38;25.66666667
PP_4827;71;37;38.66666667;49
PP_4828;51.33333333;21;23;20
PP_4829;52;22;43;25.66666667
PP_4830;28.66666667;19.33333333;26.66666667;18.66666667
PP_4831;29.66666667;18;29;20.66666667
PP_4832;19.66666667;13;17.33333333;11.66666667
PP_4833;89.33333333;33.33333333;66.66666667;28.33333333
PP_4834;158;66.33333333;141;55
PP_4835;354.3333333;646.3333333;260.3333333;288.6666667
PP_4836;51.33333333;36.66666667;67.66666667;55.33333333
PP_4837;12;9.333333333;11;4.666666667
PP_4838;5.333333333;6;7.666666667;3.666666667
PP_4839;8.666666667;5.333333333;9.666666667;6.333333333
PP_4840;32.66666667;19.66666667;28;8.666666667
PP_4841;4;4;6;6
PP_4842;0.666666667;0;0.666666667;0.333333333
PP_4843;1;0;0;0.333333333
PP_4844;2.333333333;1.666666667;1.666666667;2
PP_4845;1.666666667;0;0.333333333;0.333333333
PP_4846;55.33333333;55;63.33333333;71.66666667
PP_4847;70.33333333;157.6666667;92.33333333;368
PP_4848;112.3333333;226;132;236
PP_4849;33.33333333;13.33333333;19.33333333;7
PP_4850;36.33333333;28;43.33333333;24.66666667
PP_4851;36.33333333;209.6666667;122;903.3333333
PP_4852;1.666666667;3.666666667;5;3.666666667
PP_4853;1.666666667;2.333333333;0.666666667;0.666666667
PP_4854;6.333333333;9.333333333;8;5.666666667
PP_4855;14.66666667;23;43.33333333;11.33333333
PP_4856;45.66666667;68;112;42.33333333
PP_4857;29.66666667;31.33333333;33;18.66666667
PP_4858;16.66666667;30;31.66666667;4.666666667
PP_4859;79;43.33333333;67;46.66666667
PP_4860;38;26.33333333;21.66666667;18.33333333
PP_4861;277.6666667;275.3333333;316.6666667;230.3333333
PP_4862;68;111.3333333;45.33333333;48.66666667
PP_4863;34.66666667;68;82.66666667;467
PP_4864;43.33333333;48.33333333;78.33333333;426
PP_4865;13.33333333;18;20.66666667;86.66666667
PP_4866;19.33333333;16;19.33333333;90.33333333
PP_4867;66;152.6666667;148;706.3333333
PP_4868;48;38.66666667;32.33333333;42.66666667
PP_4869;105.3333333;137;87.66666667;92.66666667
PP_4870;196.3333333;269.3333333;434.6666667;268.6666667
PP_4871;63.33333333;51;63.66666667;79
PP_4872;193.6666667;98.66666667;128;88
PP_4873;146.3333333;113.3333333;159;161.6666667
PP_4874;1675;622.6666667;1000;453
PP_4875;1743.333333;670;1040.666667;393.6666667
PP_4876;2391.666667;1150.666667;1207;678.6666667
PP_4877;5071.333333;2685.666667;3348.333333;1762.333333
PP_4879;185.6666667;188.6666667;156;207.6666667
PP_4880;217.3333333;195;204;264
PP_t73;14625.66667;9490.333333;10287.33333;3491.333333
PP_t74;6532.666667;4223;5054;2034
PP_4881;88.66666667;52.33333333;82.66666667;57.33333333
PP_4882;29;12.66666667;20.66666667;16.33333333
PP_4883;139;44.33333333;99.66666667;45.66666667
PP_4885;78.33333333;105;111;201
PP_4886;62.33333333;116.6666667;91;147
PP_4887;65;161.3333333;131;168
PP_4888;5;4.666666667;12.33333333;85
PP_4889;390.3333333;254.3333333;236;147
PP_4890;226.6666667;147.3333333;140;103.3333333
PP_4891;560;444;407;212.6666667
PP_4892;439.3333333;373;295.3333333;158
PP_4893;484.3333333;372.3333333;502;550.6666667
PP_4894;3654.333333;2357.333333;3578.666667;3487
PP_4895;297.3333333;268.6666667;286;241.3333333
PP_4896;122.6666667;86.33333333;112.3333333;86.33333333
PP_4897;157;130.3333333;154.3333333;177.3333333
PP_4898;193.3333333;220.3333333;261.3333333;372.3333333
PP_4899;86.33333333;69;72.66666667;66.33333333
PP_4900;65.33333333;28.66666667;41;21.66666667
PP_4901;122;52.66666667;85;49.33333333
PP_4902;195.6666667;230;216;344.3333333
PP_4903;99.33333333;89.66666667;88;94.66666667
PP_4904;109.6666667;92.33333333;137;188.6666667
PP_4905;141.6666667;119.6666667;176;203.6666667
PP_4906;74.66666667;64;57.33333333;72
PP_4907;109.3333333;74.66666667;63.33333333;60
PP_4908;85.33333333;54.66666667;62;37
PP_4909;255.6666667;149.6666667;223.3333333;180.3333333
PP_4910;383;211.6666667;444.3333333;239.3333333
PP_4911;734.6666667;549.6666667;688;609.3333333
PP_4912;125;98.33333333;100;75.66666667
PP_4913;90.66666667;45;91.66666667;48
PP_4914;99;68.33333333;104.3333333;58.33333333
PP_4915;105.6666667;72;74;71
PP_4916;119;95.33333333;117.3333333;113.6666667
PP_4917;46.66666667;43.66666667;48.66666667;69
PP_4918;89;77.33333333;78.33333333;109.3333333
PP_4919;324.6666667;340;405;492.3333333
PP_4920;119.6666667;84.33333333;133.3333333;106
PP_4921;53.66666667;201;37.33333333;16
PP_4922;269.3333333;1326.666667;147;74.33333333
PP_4923;99;173.6666667;147;129
PP_4924;24.33333333;24;26.33333333;23.66666667
PP_4925;2.333333333;2.666666667;3.666666667;3
PP_4926;1.333333333;1.333333333;3.666666667;3
PP_4927;1.333333333;1.333333333;4.666666667;1.666666667
PP_4928;49.33333333;45.33333333;47;33.66666667
PP_4929;7;11.33333333;9;5
PP_4930;7.333333333;15;12;12.66666667
PP_4931;93.66666667;77;65;63.33333333
PP_4932;92.66666667;103.6666667;89.66666667;125.6666667
PP_4933;67.66666667;84.33333333;88.33333333;162
PP_4934;170;110;122.3333333;103
PP_4935;222.3333333;164.3333333;187.3333333;169
PP_4936;53;43.33333333;54.33333333;40
PP_4937;115.3333333;68.66666667;108.3333333;74.33333333
PP_4938;41.66666667;34;31;35
PP_4939;119.6666667;132.3333333;105.6666667;137
PP_4940;107.6666667;56;95.33333333;66.66666667
PP_4941;94.66666667;35.33333333;73;34.33333333
PP_4942;139;64.66666667;106.6666667;69.33333333
PP_4943;134;77;122.6666667;70.66666667
PP_4944;179.3333333;140.6666667;118.3333333;89.33333333
PP_4945;288;119.3333333;210.3333333;120.3333333
PP_4946;56;40.66666667;101.3333333;77
PP_4947;29.66666667;33;31;45
PP_4948;12;18.33333333;14;13.66666667
PP_4949;48.33333333;63;35;31.66666667
PP_4950;28.66666667;38.33333333;24.66666667;25
PP_4951;18.66666667;19.66666667;16;16.66666667
PP_4952;57.33333333;31.66666667;40;31.33333333
PP_4953;26.66666667;7.666666667;18;6.666666667
PP_4954;33.66666667;17.33333333;22;17
PP_4955;110;110;153.3333333;126
PP_4956;4.666666667;4.666666667;7;6.666666667
PP_4957;69.66666667;69.33333333;68.66666667;93.66666667
PP_4958;199.3333333;258.3333333;225;452
PP_4959;64;259.3333333;131.6666667;482.6666667
PP_4960;406.3333333;383;291;192.6666667
PP_4961;243.6666667;250;189;183.3333333
PP_4962;392.3333333;538.3333333;544;730
PP_4963;220;197;163.3333333;152
PP_4964;160.6666667;103;112.6666667;76.33333333
PP_4965;343.6666667;286.6666667;265.6666667;167.3333333
PP_4966;661;201.6666667;291.6666667;158.3333333
PP_4967;459;138.6666667;159;142
PP_4968;4.333333333;7;4;3.333333333
PP_4969;341;333.3333333;392;359.6666667
PP_4970;19.33333333;14.66666667;24;19.33333333
PP_4971;59;56.66666667;50;33.66666667
PP_4972;83.66666667;181.6666667;117.6666667;114
PP_4973;88;137;114.3333333;135
PP_4974;62.66666667;29.66666667;36.33333333;12.66666667
PP_4975;225;304;259;293.3333333
PP_4977;229.3333333;99.66666667;101.6666667;78.33333333
PP_4978;19;29.33333333;14;23
PP_4979;127.3333333;74;131;75.66666667
PP_4980;204.6666667;111.6666667;120;88.33333333
PP_4981;1512;1465;1876.333333;1455.666667
PP_4982;119;87.66666667;129.6666667;131.3333333
PP_4983;48;34;48.33333333;26
PP_4984;209.3333333;178.3333333;223;149.3333333
PP_4985;29.33333333;9;30.33333333;15
PP_4986;34.66666667;40.33333333;34;32
PP_4987;56.66666667;43;51.33333333;49.33333333
PP_4988;57;36;36.33333333;26
PP_4989;116.6666667;64.33333333;98.66666667;46.66666667
PP_4990;43;38.66666667;23.33333333;27.66666667
PP_4991;264.6666667;295.6666667;177.6666667;286.3333333
PP_4992;489.3333333;460.3333333;375.6666667;320.6666667
PP_4993;108;90.66666667;106;55
PP_4994;130.6666667;49.33333333;100.3333333;47.33333333
PP_4995;231.6666667;200.6666667;239.3333333;177
PP_4996;70;48;48.66666667;38.33333333
PP_4997;59.66666667;33;35.33333333;21.66666667
PP_4998;107.6666667;62.66666667;46;18
PP_4999;73.66666667;52.33333333;47;24
PP_5000;384.3333333;118;191;89
PP_5001;279.3333333;118;127.3333333;50.33333333
PP_5002;30.33333333;29.33333333;20;10.33333333
PP_5003;76.33333333;187.6666667;71.66666667;84.66666667
PP_5004;48;114.6666667;75.33333333;98
PP_5005;30.33333333;63.66666667;47.33333333;66.66666667
PP_5006;35.33333333;77.33333333;67.33333333;126
PP_5007;131;714.6666667;253.3333333;955
PP_5008;128.6666667;1081.666667;334.3333333;581.6666667
PP_5009;5.333333333;5;5.333333333;4.333333333
PP_5010;417;237;347;186.3333333
PP_5011;204;154.3333333;157.3333333;140
PP_5012;79;48.33333333;64.66666667;53.66666667
PP_5014;649.6666667;502;657.6666667;539.3333333
PP_5015;167.3333333;142;126.6666667;141.3333333
PP_5016;238.6666667;192;230;171.6666667
PP_5017;109.3333333;48.33333333;81;35
PP_5018;119;63.66666667;145;83.33333333
PP_5019;69.66666667;27;62.66666667;28.33333333
PP_5020;45.33333333;57.66666667;125.6666667;143.6666667
PP_5021;2.333333333;2;4.333333333;4
PP_5022;103;42.66666667;85.33333333;93.33333333
PP_5023;52;27;47.33333333;29.33333333
PP_5024;542;354.3333333;617;546.6666667
PP_5025;99;73.33333333;111.3333333;65
PP_5026;160;136.3333333;139.3333333;95.66666667
PP_5027;109.6666667;114.3333333;123;178.3333333
PP_5028;197.3333333;191.6666667;155.3333333;230
PP_5029;33.33333333;12.66666667;24;21.66666667
PP_5030;21.33333333;10.33333333;18.66666667;11.66666667
PP_5031;16;5;12.66666667;10
PP_5032;16.66666667;11;13.33333333;12.33333333
PP_5033;16.66666667;3.333333333;3.666666667;6
PP_5034;28.66666667;29.33333333;38;33.66666667
PP_5035;69.66666667;60.33333333;71.66666667;58
PP_5036;14;9.666666667;6;12
PP_5037;62;55.33333333;67.66666667;26.66666667
PP_5038;221.3333333;243.3333333;346.6666667;110
PP_5039;290.6666667;236.6666667;210.6666667;155.6666667
PP_5040;249.3333333;198.6666667;185;180.6666667
PP_5041;36;134.3333333;76.33333333;122.3333333
PP_5042;96;62.66666667;102.6666667;72.33333333
PP_5043;13.33333333;11.33333333;14;9.666666667
PP_5044;419.3333333;201.3333333;189;106.3333333
PP_5045;201;67.33333333;115.6666667;73
PP_5046;971.6666667;330.6666667;349.3333333;156
PP_5047;19.33333333;14.66666667;14.66666667;20.66666667
PP_5048;19.66666667;15.33333333;12;8
PP_5049;36.33333333;62.66666667;74;96
PP_5050;16;21.33333333;15;24
PP_5051;47;47.66666667;30.66666667;50
PP_5052;37;36;32.66666667;32
PP_5053;640.6666667;475.3333333;479.3333333;366.3333333
PP_5054;510;289;354.6666667;247.3333333
PP_5055;644;382.3333333;499.6666667;372.6666667
PP_5056;214.3333333;120.6666667;141.3333333;114
PP_5057;174;107;118;141
PP_5058;142.3333333;98.66666667;103.3333333;85
PP_5059;93.66666667;36.66666667;57;33.33333333
PP_5060;9.333333333;10;10.33333333;8.666666667
PP_5061;11;6.333333333;8.333333333;5.333333333
PP_5062;8.333333333;4;3;3.333333333
PP_5063;50.33333333;42.66666667;31.66666667;16.66666667
PP_5064;71.33333333;48.66666667;75.33333333;34
PP_5065;5.666666667;7.333333333;6.666666667;7
PP_5066;81.66666667;37;57.33333333;22.33333333
PP_5067;88.66666667;45;78.33333333;35.33333333
PP_5068;45.33333333;32.66666667;35.33333333;32
PP_5069;41.33333333;18.66666667;17.33333333;14
PP_5070;94.33333333;120.3333333;69;85.66666667
PP_5071;7.333333333;9;9;9
PP_5072;10;10.33333333;16.33333333;18.66666667
PP_5073;19.33333333;66.66666667;16;20.33333333
PP_5074;120;76;87.33333333;66.33333333
PP_5075;297.3333333;108.6666667;180.6666667;90.33333333
PP_5076;359.6666667;114.3333333;180.3333333;110.6666667
PP_5077;284.3333333;215;291;149.6666667
PP_5078;176.3333333;128.6666667;136.6666667;83.66666667
PP_5079;290;216.3333333;261.3333333;188.3333333
PP_5080;83.66666667;97;113.6666667;69
PP_5081;6.333333333;12;7.666666667;18.66666667
PP_5082;9.666666667;10.33333333;7.666666667;17
PP_5083;12.33333333;19.66666667;14.33333333;22.66666667
PP_5084;147.6666667;78.66666667;119;66
PP_5085;878;699;470;218.3333333
PP_5086;37.33333333;27.33333333;20.66666667;52
PP_5087;34681.66667;11670;23921.66667;5241.333333
PP_5088;42;14;25;10.33333333
PP_5089;169.6666667;107.3333333;128.6666667;79.66666667
PP_5090;256.6666667;104.3333333;330;148.6666667
PP_5091;114.6666667;116.6666667;123.3333333;149.3333333
PP_5092;164.6666667;162.6666667;146.6666667;437.6666667
PP_5093;4.666666667;11.66666667;7.666666667;15
PP_5094;133.6666667;87;86.66666667;70.33333333
PP_5095;124.6666667;103;90.66666667;43.66666667
PP_5096;178;168;136.3333333;74.33333333
PP_5097;222.6666667;90.66666667;157.6666667;89.66666667
PP_5098;150;89.33333333;111.3333333;111.6666667
PP_5099;164;141.3333333;194;251.3333333
PP_5100;205.3333333;140;219.3333333;203
PP_5101;62.33333333;45.66666667;43.66666667;44
PP_5102;133.3333333;200.6666667;143.6666667;83.33333333
PP_5103;240;207.6666667;168.6666667;110.3333333
PP_5104;179.3333333;109.6666667;75.33333333;46.66666667
PP_5105;361.3333333;232.6666667;229;149
PP_5106;45;52.66666667;66;68
PP_5107;98;64.33333333;87.33333333;74.33333333
PP_5108;934;1802.333333;1103.666667;1449.333333
PP_5109;89;68;88;86.33333333
PP_5110;178.6666667;139.6666667;163.3333333;142.6666667
PP_5111;189;125.3333333;183;135.3333333
PP_5112;48.66666667;37.33333333;34.33333333;19
PP_5113;41;35.66666667;37;35.66666667
PP_5114;42.33333333;30.66666667;42.33333333;34.66666667
PP_5115;1.333333333;1.666666667;1;1
PP_5116;2;3;2;1.333333333
PP_5117;69.33333333;55.66666667;59.66666667;56.66666667
PP_5118;132.3333333;112.3333333;99;82.66666667
PP_5119;157.3333333;122;146.6666667;114.6666667
PP_5120;7.666666667;11.66666667;10.33333333;12
PP_5121;1.333333333;5.666666667;3;7.666666667
PP_5122;4.333333333;5;6.333333333;7.333333333
PP_5123;378;228;363.6666667;316.3333333
PP_5124;377.6666667;272.6666667;331.6666667;275.6666667
PP_5125;63;55;57.33333333;48.33333333
PP_5126;64.66666667;66.66666667;59.33333333;44.33333333
PP_5127;86;56;76;38
PP_5128;223.3333333;118.3333333;134.3333333;78.66666667
PP_5129;66.66666667;159;125.3333333;226.3333333
PP_5130;8;9;8.666666667;11.33333333
PP_5131;55.66666667;13.33333333;36.66666667;13.66666667
PP_5132;91;76.33333333;99;119
PP_5133;44.33333333;40;60.66666667;74
PP_5134;23;24;25.33333333;30.66666667
PP_5135;8;9.666666667;10.33333333;7.333333333
PP_5136;1.666666667;3;2;1.333333333
PP_5137;4.333333333;3.333333333;6.333333333;5.333333333
PP_5138;51.33333333;222.3333333;53.66666667;31.66666667
PP_5139;64.33333333;355;64.33333333;33
PP_5140;78.33333333;72;95.66666667;86
PP_5141;142;105.6666667;115.6666667;87.33333333
PP_5142;81.66666667;53.66666667;83;50.33333333
PP_5143;44.33333333;28.66666667;42;33.66666667
PP_5144;42.66666667;42.33333333;61;67
PP_5145;230;233;187;199.6666667
PP_5146;571.3333333;578;527.3333333;519.6666667
PP_5147;54;58.66666667;67.66666667;54.33333333
PP_5148;103;114.3333333;176.6666667;353.3333333
PP_5149;100.3333333;53.66666667;59.66666667;42
PP_5150;107.3333333;82.33333333;71.66666667;98.66666667
PP_5151;36.33333333;34.66666667;43.66666667;61.66666667
PP_5152;32;30;44.66666667;38
PP_5153;339.6666667;358;257.3333333;335.6666667
PP_5154;90.33333333;124;77.66666667;81.33333333
PP_5155;412;217.3333333;180.3333333;86
PP_5156;371.6666667;1008;529.6666667;719.3333333
PP_5157;148;182.3333333;153.6666667;109.3333333
PP_5158;26.66666667;23;22;32.66666667
PP_5159;41.66666667;28;21.33333333;30.66666667
PP_5160;88.66666667;58.66666667;106.3333333;124
PP_5161;28.66666667;23.66666667;32;29.33333333
PP_5162;42;18.66666667;33.66666667;21
PP_5163;46.66666667;58;49;47.33333333
PP_5164;21.33333333;34.33333333;26.33333333;29.66666667
PP_5165;113.3333333;69.33333333;98.66666667;34
PP_5166;3.333333333;18;2;2
PP_5167;22.33333333;546.3333333;21.33333333;29
PP_5168;135;114.6666667;146;115.3333333
PP_5169;33.66666667;25.66666667;41.66666667;21.33333333
PP_5170;28.66666667;17.33333333;23.66666667;16
PP_5171;75.66666667;79.66666667;85.33333333;43
PP_5172;101.6666667;692.3333333;101.3333333;79.66666667
PP_5173;32;83.66666667;76;119.6666667
PP_5174;21.66666667;64.66666667;46.33333333;55
PP_5175;17.33333333;62.66666667;36.33333333;63.33333333
PP_5176;19.66666667;35;44.66666667;34.33333333
PP_5177;130.6666667;89;171.6666667;150
PP_5178;82.33333333;91;77.33333333;66.66666667
PP_5179;113;127;96;103.3333333
PP_5180;72.33333333;82;43.33333333;66.33333333
PP_5181;404.6666667;635.6666667;420.6666667;446.3333333
PP_5182;57.33333333;77.33333333;59.66666667;104.3333333
PP_5183;67.66666667;70.66666667;51.33333333;51.33333333
PP_5184;153.3333333;107.3333333;109;107
PP_5185;66.66666667;32.66666667;55.66666667;40
PP_5186;96.66666667;89.66666667;80.33333333;67.33333333
PP_5187;65.66666667;41.33333333;32.33333333;28.33333333
PP_5188;55.66666667;56;119;123.6666667
PP_5189;16.33333333;87.66666667;7;21.66666667
PP_5190;3;4.666666667;2.333333333;2
PP_5191;69.33333333;74;78.33333333;17
PP_5192;23;71.33333333;34.33333333;70.66666667
PP_5193;243.3333333;312.6666667;289.6666667;550.3333333
PP_5194;145;180.6666667;158;219.3333333
PP_5195;10;4;4.333333333;3.333333333
PP_5196;59.66666667;58;28.33333333;25.33333333
PP_5197;66.66666667;39.66666667;42.66666667;27.66666667
PP_5198;106;55.66666667;71.33333333;52
PP_5199;113.6666667;72.33333333;77.66666667;72.33333333
PP_5200;88.33333333;54.66666667;54.66666667;46.66666667
PP_5201;121.3333333;76;63.33333333;52.66666667
PP_5202;298.6666667;364.3333333;343;380.3333333
PP_5203;74.66666667;36.33333333;40;38
PP_5204;1390;1605.666667;757.6666667;573.3333333
PP_5205;111.3333333;85.66666667;86.66666667;139
PP_5206;57;63.66666667;78;79.66666667
PP_5207;22.33333333;23.66666667;29;25
PP_5208;33.33333333;30.33333333;31.66666667;27
PP_5209;161.6666667;166.3333333;240.6666667;443
PP_5210;9.666666667;31.33333333;16.66666667;37.33333333
PP_5211;58.33333333;78.33333333;40.33333333;69
PP_5212;113.3333333;77;95.66666667;79.33333333
PP_5213;152.6666667;105.3333333;116.6666667;103.6666667
PP_5214;688.6666667;474.3333333;627;469.6666667
PP_5215;4597.666667;3509.333333;6280.666667;5420
PP_5216;174.3333333;157;181;200.6666667
PP_5217;91.33333333;85.66666667;56.66666667;58.33333333
PP_5218;212.3333333;164.3333333;187.6666667;76
PP_5219;18.66666667;21.33333333;48.33333333;21
PP_5220;97;103.6666667;57.66666667;63.33333333
PP_5221;84;63;66.33333333;35.66666667
PP_5222;15.33333333;16;15.66666667;21.66666667
PP_5223;77.33333333;35.66666667;79;24.66666667
PP_5224;259.3333333;198.6666667;262.6666667;158.6666667
PP_5225;480.3333333;163.3333333;405.6666667;208
PP_5226;806;414.6666667;713.6666667;537.6666667
PP_5227;200.6666667;109;147.6666667;91
PP_5228;161;78.33333333;125.3333333;89.33333333
PP_5229;126.6666667;61.33333333;104.3333333;68.33333333
PP_5230;148;85.33333333;137;81.66666667
PP_5231;116.6666667;64.66666667;82.66666667;59.33333333
PP_5232;18323.33333;5462.333333;18007.66667;8165.333333
PP_5233;30.66666667;27;22;24.33333333
PP_5234;2439;1707;2717.333333;4011
PP_5235;83;72;69.33333333;104.3333333
PP_5236;38.33333333;45.66666667;40.66666667;37
PP_5237;4.333333333;20;4;12.66666667
PP_5238;66.33333333;81.66666667;92.66666667;78
PP_5239;7;18;9.666666667;17.33333333
PP_5240;3.666666667;11;11;15
PP_5241;18.33333333;28;30.33333333;30.33333333
PP_5242;4;4.666666667;6;3
PP_5243;0.666666667;4.666666667;4.333333333;1.333333333
PP_5244;2;1.666666667;2.666666667;2
PP_5245;12;13;11.33333333;9.666666667
PP_5246;13;5.666666667;13.33333333;4
PP_5247;134.6666667;36.66666667;126;75
PP_5248;2.333333333;6.666666667;6;7.666666667
PP_5249;6.333333333;10.33333333;13.33333333;7.333333333
PP_5250;4.333333333;2.666666667;3.666666667;5.666666667
PP_5251;13;11.66666667;12;13
PP_5252;10.33333333;41.66666667;15.33333333;30
PP_5253;3.333333333;4;5;2.666666667
PP_5254;1.666666667;0.333333333;0.666666667;0.666666667
PP_5255;3;2.666666667;6.333333333;2.666666667
PP_5256;14;24.66666667;18.66666667;18.66666667
PP_5257;14.66666667;20.66666667;21;21.33333333
PP_5258;19.33333333;49.66666667;31;33.33333333
PP_5259;19.66666667;16.33333333;15;15
PP_5260;15.66666667;11.33333333;14;16
PP_5261;22;19.33333333;23;20.66666667
PP_5262;28;28;21.33333333;13.33333333
PP_5263;35.66666667;21.66666667;49;30.66666667
PP_5264;128;41.66666667;73;29
PP_5265;160;49;100.3333333;89
PP_5266;3.666666667;4.333333333;3.666666667;4.333333333
PP_5267;365;723;819.3333333;1646
PP_5268;55;47.33333333;39.66666667;48
PP_5269;14.66666667;8;6;11.66666667
PP_5270;47;69.33333333;37;58.66666667
PP_5271;90.33333333;81.33333333;91.66666667;52.33333333
PP_5272;16;14.33333333;10;21
PP_5273;48.33333333;23.33333333;31.33333333;19.33333333
PP_5274;27.33333333;22;22;10.66666667
PP_5275;15.66666667;17;13.66666667;13
PP_5276;13;12;14;11
PP_5277;3;7.333333333;6.333333333;5.666666667
PP_5278;43.33333333;60;47;49
PP_5279;23.33333333;30.66666667;49.66666667;96.33333333
PP_5280;308.3333333;193;183;116
PP_5281;14602;7492.666667;12653;10240.33333
PP_5282;18332.66667;8262;21975;15659
PP_5283;99;103.3333333;87;67.66666667
PP_5284;26.66666667;30.66666667;25.66666667;43
PP_5285;178.6666667;85.66666667;115;89.66666667
PP_5286;189;88;165.3333333;100
PP_5287;6.666666667;0.666666667;1.666666667;2.333333333
PP_5288;153;108.3333333;120.3333333;83.66666667
PP_5289;206;133.6666667;115.3333333;68
PP_5290;59;63;60;82
PP_5291;408;259.6666667;296.6666667;204.6666667
PP_5292;676;455.6666667;637;479.3333333
PP_5293;363;246.3333333;277;291.3333333
PP_5294;283.6666667;252.6666667;282.3333333;349.6666667
PP_5295;154.3333333;85;124.6666667;101.3333333
PP_5296;325;193;288;139.6666667
PP_5297;26.33333333;19;43.66666667;27.33333333
PP_5298;34;15;26.33333333;6.333333333
PP_5299;4.333333333;3;3.333333333;3.333333333
PP_5300;20.33333333;22;15.33333333;12.66666667
PP_5301;838.6666667;573.3333333;619.6666667;566.3333333
PP_5302;346;178.3333333;224.6666667;167.6666667
PP_5303;719.6666667;437.3333333;475.6666667;438.6666667
PP_5304;294.6666667;105.3333333;174.6666667;69.33333333
PP_5305;34;52.66666667;32.66666667;44
PP_5306;31;13.33333333;23;12.33333333
PP_5307;49;26.33333333;36.66666667;36
PP_5308;32.33333333;13.66666667;29.33333333;13
PP_5309;145;111;102.6666667;83
PP_5310;93.66666667;58.66666667;74.66666667;60.33333333
PP_5311;106.3333333;92.66666667;72;64.33333333
PP_5312;77;37;125.6666667;72
PP_5313;512.6666667;541.3333333;1586.333333;4541.666667
PP_5314;63.33333333;45.66666667;45.66666667;42.33333333
PP_5315;100;103.6666667;87.33333333;116.3333333
PP_5316;49.33333333;3.333333333;23;11.66666667
PP_5317;108;41.33333333;112.3333333;62.66666667
PP_5318;67;42;64;31.66666667
PP_5319;228.3333333;1854;987;4320.333333
PP_5320;56.66666667;51.33333333;52.66666667;71.66666667
PP_5321;43;27.33333333;39.66666667;37.66666667
PP_5322;233.3333333;99.66666667;265.6666667;113.6666667
PP_5323;22.66666667;87.33333333;37;227
PP_5324;106;130;133.6666667;226
PP_5325;51.33333333;36.66666667;48.66666667;33.33333333
PP_5326;63;53.66666667;54.66666667;56
PP_5327;29.66666667;17.33333333;22;18.66666667
PP_5328;30;14.33333333;25.33333333;18
PP_5329;53;46;49;35.66666667
PP_5330;53.66666667;33.66666667;63.66666667;40
PP_5331;234.6666667;202;180.3333333;133.6666667
PP_5332;83.33333333;78;69;62.33333333
PP_5333;94;92.33333333;109.6666667;141.6666667
PP_5334;79;219.3333333;127.3333333;365.3333333
PP_5335;105;56;72.33333333;28
PP_5336;204;80.66666667;115.3333333;43.66666667
PP_5337;43;59.33333333;45.33333333;58.66666667
PP_5338;255;597;176;594.6666667
PP_5339;5.333333333;5.333333333;12.66666667;102
PP_5340;2.666666667;2.666666667;3.666666667;16.66666667
PP_5341;12;23.66666667;18;55.33333333
PP_5342;11.66666667;15.33333333;19.33333333;21.66666667
PP_5343;13.33333333;12.33333333;7;10.33333333
PP_5344;44.66666667;53.33333333;71.33333333;73.66666667
PP_5345;15.66666667;21.66666667;16;13
PP_5346;943;276.6666667;90.66666667;149.6666667
PP_5347;1198.333333;333;72.66666667;355
PP_5348;25;14;31.33333333;25
PP_5349;131.6666667;99.66666667;78;88
PP_5350;337.3333333;191.6666667;280.3333333;216.3333333
PP_5351;50;39;43.33333333;34
PP_5352;164.3333333;112.3333333;146.6666667;120
PP_5353;256.3333333;568.6666667;203.3333333;119.6666667
PP_5354;258.6666667;438.6666667;384;835.6666667
PP_5355;34.33333333;51;29.33333333;24.66666667
PP_5356;78;76;51;92
PP_5357;47.33333333;33;34.66666667;24
PP_5358;97.33333333;109.6666667;119;217.3333333
PP_5359;16;11;12.66666667;16.33333333
PP_5360;15.66666667;26.66666667;22.66666667;22
PP_5361;19;33.33333333;26;16
PP_5362;23.33333333;29;33.33333333;28.33333333
PP_5363;13.33333333;58;17;12.33333333
PP_5364;25.33333333;31.66666667;35.33333333;26.66666667
PP_5365;71.66666667;447;184.6666667;414
PP_5366;25;30;15;18.66666667
PP_5367;39.33333333;72.66666667;78;91.33333333
PP_5368;6.666666667;11;11.66666667;11.33333333
PP_5369;0.333333333;0;0.666666667;2.666666667
PP_5370;2.666666667;1.666666667;3;2
PP_5371;9;5.666666667;7;6
PP_5372;4.666666667;11.33333333;11;19.66666667
PP_5373;1.666666667;1.666666667;1.666666667;2.333333333
PP_5374;23.66666667;29;22.33333333;38.33333333
PP_5375;297.6666667;323.3333333;466.6666667;257.3333333
PP_5376;26.66666667;32;25.66666667;19.33333333
PP_5377;163;133.6666667;186;153
PP_5378;144.6666667;158.6666667;141.6666667;117.3333333
PP_5379;147;209.6666667;123;101.6666667
PP_5380;117;163.3333333;107.6666667;89.66666667
PP_5381;15.66666667;7;24;10
PP_5382;80.33333333;244.3333333;102.3333333;92.33333333
PP_5383;34;57.66666667;47.66666667;55
PP_5384;61.33333333;60.66666667;61.66666667;55.33333333
PP_5385;5;13;5.666666667;9.666666667
PP_5386;5;12;7;5
PP_5387;4.666666667;11.33333333;5.333333333;6.333333333
PP_5388;88.66666667;196.3333333;85;102
PP_5389;12.33333333;16.66666667;21.66666667;28.66666667
PP_5390;9.333333333;7.666666667;12;22
PP_5391;40;33.33333333;55.33333333;64.66666667
PP_5392;11.33333333;9.333333333;20.66666667;14.33333333
PP_5393;113;187;255;49.66666667
PP_5395;1389;1844.333333;1164;1367.333333
PP_5396;38.33333333;30;57.33333333;26.33333333
PP_5397;4.666666667;1.333333333;1.333333333;0.666666667
PP_5398;4.333333333;1.666666667;11.66666667;10.33333333
PP_5399;99.33333333;118.6666667;99;106.6666667
PP_5400;207.6666667;260.6666667;183.3333333;259
PP_5401;100;108.3333333;107.3333333;215
PP_5402;12.66666667;18.33333333;15;38.33333333
PP_5403;10;11.33333333;11;22
PP_5404;27;25.33333333;26;43.66666667
PP_5405;28.66666667;21.66666667;28.66666667;31
PP_5406;34.66666667;20.33333333;25.33333333;23.33333333
PP_5407;6.666666667;11.66666667;7.666666667;24.33333333
PP_5408;40;12.66666667;37;10.33333333
PP_5409;60;38;73;37.66666667
PP_5410;95;66;127.6666667;37
PP_5411;190.3333333;168;161;106.3333333
PP_5412;2700;1513.333333;2263.666667;939.6666667
PP_5413;1526.333333;1250.666667;832.6666667;507
PP_5414;1560.666667;1315.333333;736.3333333;518.6666667
PP_5415;1454;1278.333333;763.3333333;379.6666667
PP_5416;3530.666667;2421.666667;2244.666667;913.6666667
PP_5417;3778.666667;3052;2949.666667;1928.333333
PP_5418;1543.666667;1414.333333;1121;1008
PP_5419;703;484;557;344
PP_5420;1112.666667;1000.666667;1154.666667;1065.333333
